municipality,week_start,gasoline_median,ethanol_median,ethanol_gasoline_ratio,ethanol_competitive
ANGRA DOS REIS,2024-01-01,6.19,4.85,0.7835218093699514,False
ARARUAMA,2024-01-01,5.89,4.29,0.7283531409168083,False
BARRA DO PIRAI,2024-01-01,6.14,4.61,0.7508143322475571,False
BARRA MANSA,2024-01-01,5.79,4.19,0.7236614853195165,False
BELFORD ROXO,2024-01-01,5.39,3.79,0.7031539888682746,False
CABO FRIO,2024-01-01,5.885,4.33,0.735768903993203,False
CAMPOS DOS GOYTACAZES,2024-01-01,5.95,4.22,0.7092436974789915,False
DUQUE DE CAXIAS,2024-01-01,5.39,3.79,0.7031539888682746,False
ITABORAI,2024-01-01,5.4399999999999995,3.79,0.6966911764705883,True
ITAGUAI,2024-01-01,5.43,3.79,0.6979742173112339,True
ITAPERUNA,2024-01-01,5.89,3.99,0.6774193548387097,True
MACAE,2024-01-01,6.09,4.59,0.7536945812807881,False
MAGE,2024-01-01,5.49,3.89,0.7085610200364298,False
MARICA,2024-01-01,5.59,3.99,0.7137745974955277,False
NILOPOLIS,2024-01-01,5.39,3.79,0.7031539888682746,False
NITEROI,2024-01-01,5.48,3.69,0.6733576642335766,True
NOVA FRIBURGO,2024-01-01,5.99,4.29,0.7161936560934892,False
NOVA IGUACU,2024-01-01,5.390000000000001,3.74,0.6938775510204082,True
PETROPOLIS,2024-01-01,6.34,4.89,0.7712933753943217,False
RESENDE,2024-01-01,5.37,3.97,0.7392923649906891,False
RIO BONITO,2024-01-01,5.39,3.89,0.7217068645640075,False
RIO DE JANEIRO,2024-01-01,5.49,3.79,0.6903460837887068,True
SANTO ANTONIO DE PADUA,2024-01-01,5.49,3.7649999999999997,0.6857923497267758,True
SAO GONCALO,2024-01-01,5.39,3.78,0.7012987012987013,False
SAO JOAO DE MERITI,2024-01-01,5.39,3.79,0.7031539888682746,False
SAPUCAIA,2024-01-01,5.99,4.49,0.7495826377295493,False
SAQUAREMA,2024-01-01,5.79,3.99,0.689119170984456,True
TERESOPOLIS,2024-01-01,5.365,3.77,0.7027027027027026,False
TRES RIOS,2024-01-01,6.29,4.89,0.7774244833068362,False
VALENCA,2024-01-01,5.9399999999999995,4.29,0.7222222222222223,False
VOLTA REDONDA,2024-01-01,5.79,4.29,0.7409326424870466,False
ANGRA DOS REIS,2024-01-08,6.19,4.859999999999999,0.7851373182552502,False
ARARUAMA,2024-01-08,5.869999999999999,4.24,0.7223168654173766,False
BARRA DO PIRAI,2024-01-08,6.14,4.61,0.7508143322475571,False
BARRA MANSA,2024-01-08,5.885,4.28,0.7272727272727273,False
BELFORD ROXO,2024-01-08,5.39,3.79,0.7031539888682746,False
CABO FRIO,2024-01-08,5.885,4.375,0.7434154630416313,False
CAMPOS DOS GOYTACAZES,2024-01-08,5.970000000000001,4.19,0.7018425460636516,False
DUQUE DE CAXIAS,2024-01-08,5.49,3.79,0.6903460837887068,True
ITABORAI,2024-01-08,5.4399999999999995,3.79,0.6966911764705883,True
ITAGUAI,2024-01-08,5.29,3.69,0.6975425330812854,True
ITAPERUNA,2024-01-08,5.89,3.85,0.6536502546689305,True
MAGE,2024-01-08,5.49,3.89,0.7085610200364298,False
MARICA,2024-01-08,5.59,3.89,0.6958855098389982,True
NILOPOLIS,2024-01-08,5.39,3.79,0.7031539888682746,False
NITEROI,2024-01-08,5.39,3.69,0.6846011131725418,True
NOVA FRIBURGO,2024-01-08,5.99,4.29,0.7161936560934892,False
NOVA IGUACU,2024-01-08,5.375,3.69,0.6865116279069767,True
PETROPOLIS,2024-01-08,6.29,4.89,0.7774244833068362,False
RESENDE,2024-01-08,5.465,3.95,0.7227813357731016,False
RIO BONITO,2024-01-08,5.48,3.89,0.7098540145985401,False
RIO DE JANEIRO,2024-01-08,5.465,3.69,0.6752058554437329,True
SANTO ANTONIO DE PADUA,2024-01-08,5.49,3.74,0.6812386156648452,True
SAO GONCALO,2024-01-08,5.39,3.74,0.6938775510204083,True
SAO JOAO DE MERITI,2024-01-08,5.39,3.79,0.7031539888682746,False
SAPUCAIA,2024-01-08,5.99,4.49,0.7495826377295493,False
SAQUAREMA,2024-01-08,5.78,3.89,0.6730103806228374,True
TERESOPOLIS,2024-01-08,5.61,3.34,0.5953654188948306,True
TRES RIOS,2024-01-08,6.34,4.89,0.7712933753943217,False
VALENCA,2024-01-08,5.89,4.29,0.7283531409168083,False
VOLTA REDONDA,2024-01-08,5.88,4.175000000000001,0.7100340136054423,False
ANGRA DOS REIS,2024-01-15,6.19,4.73,0.7641357027463651,False
ARARUAMA,2024-01-15,5.869999999999999,4.24,0.7223168654173766,False
BARRA DO PIRAI,2024-01-15,6.14,4.61,0.7508143322475571,False
BARRA MANSA,2024-01-15,5.79,4.09,0.7063903281519861,False
BELFORD ROXO,2024-01-15,5.39,3.79,0.7031539888682746,False
CABO FRIO,2024-01-15,5.885,4.335,0.7366185216652507,False
CAMPOS DOS GOYTACAZES,2024-01-15,5.99,4.19,0.6994991652754592,True
DUQUE DE CAXIAS,2024-01-15,5.53,3.775,0.6826401446654611,True
ITABORAI,2024-01-15,5.4399999999999995,3.79,0.6966911764705883,True
ITAGUAI,2024-01-15,5.54,3.99,0.720216606498195,False
MAGE,2024-01-15,5.49,3.84,0.6994535519125683,True
MARICA,2024-01-15,5.59,3.89,0.6958855098389982,True
NILOPOLIS,2024-01-15,5.39,3.785,0.702226345083488,False
NITEROI,2024-01-15,5.4350000000000005,3.69,0.6789328426862925,True
NOVA FRIBURGO,2024-01-15,5.99,4.29,0.7161936560934892,False
NOVA IGUACU,2024-01-15,5.33,3.69,0.6923076923076923,True
PETROPOLIS,2024-01-15,6.29,4.89,0.7774244833068362,False
RESENDE,2024-01-15,5.48,3.92,0.7153284671532846,False
RIO BONITO,2024-01-15,5.39,3.69,0.6846011131725418,True
RIO DE JANEIRO,2024-01-15,5.49,3.69,0.6721311475409836,True
SANTO ANTONIO DE PADUA,2024-01-15,5.49,3.74,0.6812386156648452,True
SAO GONCALO,2024-01-15,5.39,3.74,0.6938775510204083,True
SAO JOAO DE MERITI,2024-01-15,5.39,3.79,0.7031539888682746,False
SAPUCAIA,2024-01-15,5.99,4.49,0.7495826377295493,False
SAQUAREMA,2024-01-15,5.69,3.89,0.6836555360281195,True
TERESOPOLIS,2024-01-15,5.61,3.5149999999999997,0.6265597147950088,True
TRES RIOS,2024-01-15,6.29,4.89,0.7774244833068362,False
VALENCA,2024-01-15,5.89,4.29,0.7283531409168083,False
VOLTA REDONDA,2024-01-15,5.79,4.09,0.7063903281519861,False
ANGRA DOS REIS,2024-01-22,6.19,4.875,0.7875605815831986,False
ARARUAMA,2024-01-22,5.869999999999999,4.29,0.7308347529812608,False
BARRA DO PIRAI,2024-01-22,6.14,4.61,0.7508143322475571,False
BARRA MANSA,2024-01-22,5.69,4.09,0.7188049209138839,False
BELFORD ROXO,2024-01-22,5.29,3.79,0.7164461247637051,False
CABO FRIO,2024-01-22,5.865,4.32,0.7365728900255755,False
CAMPOS DOS GOYTACAZES,2024-01-22,5.95,4.19,0.704201680672269,False
DUQUE DE CAXIAS,2024-01-22,5.49,3.785,0.6894353369763205,True
ITABORAI,2024-01-22,5.4399999999999995,3.69,0.6783088235294118,True
ITAGUAI,2024-01-22,5.48,3.89,0.7098540145985401,False
ITAPERUNA,2024-01-22,5.89,3.99,0.6774193548387097,True
MAGE,2024-01-22,5.49,3.79,0.6903460837887068,True
MARICA,2024-01-22,5.59,3.89,0.6958855098389982,True
NILOPOLIS,2024-01-22,5.39,3.69,0.6846011131725418,True
NITEROI,2024-01-22,5.4350000000000005,3.69,0.6789328426862925,True
NOVA FRIBURGO,2024-01-22,5.99,4.29,0.7161936560934892,False
NOVA IGUACU,2024-01-22,5.33,3.69,0.6923076923076923,True
PETROPOLIS,2024-01-22,6.29,4.89,0.7774244833068362,False
RESENDE,2024-01-22,5.54,4.04,0.7292418772563177,False
RIO BONITO,2024-01-22,5.39,3.69,0.6846011131725418,True
RIO DE JANEIRO,2024-01-22,5.49,3.69,0.6721311475409836,True
SANTO ANTONIO DE PADUA,2024-01-22,5.390000000000001,3.69,0.6846011131725417,True
SAO FRANCISCO DE ITABAPOANA,2024-01-22,5.95,4.22,0.7092436974789915,False
SAO GONCALO,2024-01-22,5.39,3.74,0.6938775510204083,True
SAO JOAO DE MERITI,2024-01-22,5.39,3.79,0.7031539888682746,False
SAQUAREMA,2024-01-22,5.69,3.9400000000000004,0.6924428822495606,True
TERESOPOLIS,2024-01-22,5.31,3.69,0.6949152542372882,True
TRES RIOS,2024-01-22,6.29,4.89,0.7774244833068362,False
VALENCA,2024-01-22,5.89,4.24,0.7198641765704584,False
VOLTA REDONDA,2024-01-22,5.79,4.19,0.7236614853195165,False
ANGRA DOS REIS,2024-01-29,6.19,4.87,0.7867528271405493,False
ARARUAMA,2024-01-29,5.869999999999999,4.29,0.7308347529812608,False
BARRA DO PIRAI,2024-01-29,6.14,4.61,0.7508143322475571,False
BARRA MANSA,2024-01-29,5.779999999999999,4.09,0.7076124567474049,False
BELFORD ROXO,2024-01-29,5.39,3.79,0.7031539888682746,False
CABO FRIO,2024-01-29,5.795,4.29,0.7402933563416739,False
CAMPOS DOS GOYTACAZES,2024-01-29,5.99,4.19,0.6994991652754592,True
DUQUE DE CAXIAS,2024-01-29,5.49,3.785,0.6894353369763205,True
ITABORAI,2024-01-29,5.49,3.79,0.6903460837887068,True
ITAGUAI,2024-01-29,5.515000000000001,3.99,0.7234814143245694,False
MAGE,2024-01-29,5.49,3.79,0.6903460837887068,True
MARICA,2024-01-29,5.59,3.89,0.6958855098389982,True
NILOPOLIS,2024-01-29,5.485,3.785,0.6900638103919781,True
NITEROI,2024-01-29,5.485,3.79,0.690975387420237,True
NOVA FRIBURGO,2024-01-29,5.99,4.29,0.7161936560934892,False
NOVA IGUACU,2024-01-29,5.33,3.79,0.7110694183864915,False
PETROPOLIS,2024-01-29,6.29,4.89,0.7774244833068362,False
RESENDE,2024-01-29,5.54,4.04,0.7292418772563177,False
RIO BONITO,2024-01-29,5.65,3.79,0.6707964601769911,True
RIO DE JANEIRO,2024-01-29,5.39,3.74,0.6938775510204083,True
SANTO ANTONIO DE PADUA,2024-01-29,5.29,3.69,0.6975425330812854,True
SAO GONCALO,2024-01-29,5.38,3.69,0.6858736059479554,True
SAO JOAO DE MERITI,2024-01-29,5.39,3.79,0.7031539888682746,False
SAPUCAIA,2024-01-29,5.99,4.49,0.7495826377295493,False
SAQUAREMA,2024-01-29,5.69,3.89,0.6836555360281195,True
TERESOPOLIS,2024-01-29,5.61,3.49,0.6221033868092691,True
TRES RIOS,2024-01-29,6.29,4.89,0.7774244833068362,False
VALENCA,2024-01-29,5.79,4.24,0.7322970639032815,False
VOLTA REDONDA,2024-01-29,5.775,4.09,0.7082251082251082,False
ANGRA DOS REIS,2024-02-05,6.24,4.85,0.7772435897435896,False
ARARUAMA,2024-02-05,5.92,4.19,0.7077702702702704,False
BARRA DO PIRAI,2024-02-05,6.14,4.61,0.7508143322475571,False
BARRA MANSA,2024-02-05,5.89,4.135,0.702037351443124,False
BELFORD ROXO,2024-02-05,5.48,3.79,0.6916058394160584,True
CABO FRIO,2024-02-05,6.08,4.42,0.7269736842105263,False
CAMPOS DOS GOYTACAZES,2024-02-05,6.15,4.26,0.6926829268292682,True
DUQUE DE CAXIAS,2024-02-05,5.59,3.79,0.6779964221824687,True
ITABORAI,2024-02-05,5.54,3.79,0.6841155234657039,True
ITAGUAI,2024-02-05,5.54,3.99,0.720216606498195,False
ITAPERUNA,2024-02-05,6.15,3.97,0.6455284552845528,True
MAGE,2024-02-05,5.69,3.99,0.7012302284710017,False
MARICA,2024-02-05,5.74,3.99,0.6951219512195123,True
NILOPOLIS,2024-02-05,5.49,3.84,0.6994535519125683,True
NITEROI,2024-02-05,5.59,3.89,0.6958855098389982,True
NOVA FRIBURGO,2024-02-05,5.99,4.29,0.7161936560934892,False
NOVA IGUACU,2024-02-05,5.49,3.83,0.697632058287796,True
PETROPOLIS,2024-02-05,6.29,4.89,0.7774244833068362,False
RESENDE,2024-02-05,5.615,4.02,0.7159394479073908,False
RIO BONITO,2024-02-05,5.65,3.89,0.6884955752212389,True
RIO DE JANEIRO,2024-02-05,5.59,3.79,0.6779964221824687,True
SANTO ANTONIO DE PADUA,2024-02-05,5.49,3.69,0.6721311475409836,True
SAO GONCALO,2024-02-05,5.54,3.89,0.7021660649819494,False
SAO JOAO DE MERITI,2024-02-05,5.57,3.87,0.6947935368043088,True
SAPUCAIA,2024-02-05,5.99,4.49,0.7495826377295493,False
SAQUAREMA,2024-02-05,5.94,3.89,0.6548821548821548,True
TERESOPOLIS,2024-02-05,5.68,3.78,0.6654929577464789,True
TRES RIOS,2024-02-05,6.39,4.89,0.7652582159624413,False
VALENCA,2024-02-05,5.79,4.24,0.7322970639032815,False
VOLTA REDONDA,2024-02-05,5.89,4.135,0.702037351443124,False
ANGRA DOS REIS,2024-02-12,6.29,4.885,0.7766295707472177,False
ARARUAMA,2024-02-12,6.02,4.29,0.712624584717608,False
BARRA DO PIRAI,2024-02-12,6.14,4.61,0.7508143322475571,False
BARRA MANSA,2024-02-12,5.885,4.19,0.711979609175871,False
BELFORD ROXO,2024-02-12,5.48,3.79,0.6916058394160584,True
CABO FRIO,2024-02-12,5.88,4.29,0.7295918367346939,False
CAMPOS DOS GOYTACAZES,2024-02-12,6.16,4.25,0.689935064935065,True
DUQUE DE CAXIAS,2024-02-12,5.59,3.89,0.6958855098389982,True
ITABORAI,2024-02-12,5.54,3.89,0.7021660649819494,False
ITAGUAI,2024-02-12,5.615,4.04,0.7195013357079252,False
ITAPERUNA,2024-02-12,6.05,3.99,0.659504132231405,True
MARICA,2024-02-12,5.74,3.99,0.6951219512195123,True
NILOPOLIS,2024-02-12,5.49,3.89,0.7085610200364298,False
NITEROI,2024-02-12,5.640000000000001,3.89,0.6897163120567376,True
NOVA FRIBURGO,2024-02-12,5.99,4.29,0.7161936560934892,False
NOVA IGUACU,2024-02-12,5.49,3.87,0.7049180327868853,False
PETROPOLIS,2024-02-12,6.29,4.89,0.7774244833068362,False
RESENDE,2024-02-12,5.57,4.04,0.7253141831238779,False
RIO BONITO,2024-02-12,5.65,3.89,0.6884955752212389,True
RIO DE JANEIRO,2024-02-12,5.59,3.89,0.6958855098389982,True
SANTO ANTONIO DE PADUA,2024-02-12,5.49,3.79,0.6903460837887068,True
SAO FRANCISCO DE ITABAPOANA,2024-02-12,6.195,4.345000000000001,0.7013720742534303,False
SAO GONCALO,2024-02-12,5.49,3.88,0.7067395264116575,False
SAO JOAO DE MERITI,2024-02-12,5.57,3.99,0.7163375224416517,False
SAPUCAIA,2024-02-12,5.99,4.49,0.7495826377295493,False
SAQUAREMA,2024-02-12,5.94,3.98,0.67003367003367,True
TERESOPOLIS,2024-02-12,5.78,3.78,0.6539792387543252,True
TRES RIOS,2024-02-12,6.39,4.89,0.7652582159624413,False
VALENCA,2024-02-12,5.890000000000001,4.37,0.7419354838709676,False
VOLTA REDONDA,2024-02-12,5.89,4.19,0.7113752122241087,False
ANGRA DOS REIS,2024-02-19,6.29,4.915,0.7813990461049285,False
ARARUAMA,2024-02-19,6.02,4.29,0.712624584717608,False
BARRA DO PIRAI,2024-02-19,6.14,4.61,0.7508143322475571,False
BARRA MANSA,2024-02-19,5.89,4.19,0.7113752122241087,False
BELFORD ROXO,2024-02-19,5.48,3.815,0.6961678832116788,True
CABO FRIO,2024-02-19,5.9350000000000005,4.42,0.7447346251053074,False
CAMPOS DOS GOYTACAZES,2024-02-19,6.16,4.25,0.689935064935065,True
DUQUE DE CAXIAS,2024-02-19,5.640000000000001,3.9850000000000003,0.7065602836879432,False
ITABORAI,2024-02-19,5.59,3.89,0.6958855098389982,True
ITAGUAI,2024-02-19,5.58,3.88,0.6953405017921147,True
ITAPERUNA,2024-02-19,6.04,3.95,0.6539735099337749,True
MAGE,2024-02-19,5.69,3.99,0.7012302284710017,False
MARICA,2024-02-19,5.69,3.99,0.7012302284710017,False
NILOPOLIS,2024-02-19,5.49,3.89,0.7085610200364298,False
NITEROI,2024-02-19,5.59,3.84,0.6869409660107334,True
NOVA FRIBURGO,2024-02-19,5.99,4.29,0.7161936560934892,False
NOVA IGUACU,2024-02-19,5.49,3.87,0.7049180327868853,False
PETROPOLIS,2024-02-19,6.29,4.89,0.7774244833068362,False
RESENDE,2024-02-19,5.57,4.035,0.7244165170556552,False
RIO BONITO,2024-02-19,5.69,3.89,0.6836555360281195,True
RIO DE JANEIRO,2024-02-19,5.59,3.89,0.6958855098389982,True
SANTO ANTONIO DE PADUA,2024-02-19,5.49,3.89,0.7085610200364298,False
SAO FRANCISCO DE ITABAPOANA,2024-02-19,6.1850000000000005,4.27,0.6903799514955536,True
SAO GONCALO,2024-02-19,5.49,3.79,0.6903460837887068,True
SAO JOAO DE MERITI,2024-02-19,5.54,3.99,0.720216606498195,False
SAPUCAIA,2024-02-19,5.99,4.49,0.7495826377295493,False
SAQUAREMA,2024-02-19,5.94,3.89,0.6548821548821548,True
TERESOPOLIS,2024-02-19,5.61,3.49,0.6221033868092691,True
TRES RIOS,2024-02-19,6.39,4.89,0.7652582159624413,False
VALENCA,2024-02-19,5.99,4.29,0.7161936560934892,False
VOLTA REDONDA,2024-02-19,5.89,4.19,0.7113752122241087,False
ANGRA DOS REIS,2024-02-26,6.29,4.84,0.7694753577106518,False
ARARUAMA,2024-02-26,5.970000000000001,4.29,0.7185929648241205,False
BARRA DO PIRAI,2024-02-26,6.14,4.65,0.7573289902280131,False
BARRA MANSA,2024-02-26,5.885,4.09,0.6949872557349193,True
BELFORD ROXO,2024-02-26,5.48,3.79,0.6916058394160584,True
CABO FRIO,2024-02-26,5.88,4.39,0.7465986394557823,False
CAMPOS DOS GOYTACAZES,2024-02-26,6.14,4.285,0.6978827361563519,True
DUQUE DE CAXIAS,2024-02-26,5.68,3.975,0.6998239436619719,True
ITABORAI,2024-02-26,5.54,3.79,0.6841155234657039,True
ITAGUAI,2024-02-26,5.63,3.9400000000000004,0.699822380106572,True
ITAPERUNA,2024-02-26,5.99,3.96,0.66110183639399,True
MAGE,2024-02-26,5.69,3.99,0.7012302284710017,False
MARICA,2024-02-26,5.69,3.99,0.7012302284710017,False
NILOPOLIS,2024-02-26,5.4399999999999995,3.84,0.7058823529411765,False
NITEROI,2024-02-26,5.49,3.89,0.7085610200364298,False
NOVA FRIBURGO,2024-02-26,5.99,4.29,0.7161936560934892,False
NOVA IGUACU,2024-02-26,5.49,3.87,0.7049180327868853,False
PETROPOLIS,2024-02-26,6.29,4.89,0.7774244833068362,False
RESENDE,2024-02-26,5.54,3.99,0.720216606498195,False
RIO BONITO,2024-02-26,5.49,3.79,0.6903460837887068,True
RIO DE JANEIRO,2024-02-26,5.59,3.89,0.6958855098389982,True
SANTO ANTONIO DE PADUA,2024-02-26,5.49,3.84,0.6994535519125683,True
SAO FRANCISCO DE ITABAPOANA,2024-02-26,6.18,4.225,0.6836569579288025,True
SAO GONCALO,2024-02-26,5.49,3.79,0.6903460837887068,True
SAO JOAO DE MERITI,2024-02-26,5.57,3.99,0.7163375224416517,False
SAPUCAIA,2024-02-26,5.99,4.49,0.7495826377295493,False
SAQUAREMA,2024-02-26,5.89,3.89,0.6604414261460102,True
TERESOPOLIS,2024-02-26,5.48,3.68,0.6715328467153284,True
TRES RIOS,2024-02-26,6.39,4.89,0.7652582159624413,False
VALENCA,2024-02-26,5.99,4.29,0.7161936560934892,False
VOLTA REDONDA,2024-02-26,5.89,4.19,0.7113752122241087,False
ANGRA DOS REIS,2024-03-04,6.29,4.84,0.7694753577106518,False
ARARUAMA,2024-03-04,5.99,4.29,0.7161936560934892,False
BARRA DO PIRAI,2024-03-04,6.14,4.61,0.7508143322475571,False
BARRA MANSA,2024-03-04,5.885,4.19,0.711979609175871,False
BELFORD ROXO,2024-03-04,5.48,3.79,0.6916058394160584,True
CABO FRIO,2024-03-04,5.99,4.39,0.7328881469115192,False
CAMPOS DOS GOYTACAZES,2024-03-04,6.09,4.28,0.7027914614121511,False
DUQUE DE CAXIAS,2024-03-04,5.69,3.98,0.6994727592267135,True
ITABORAI,2024-03-04,5.54,3.79,0.6841155234657039,True
ITAGUAI,2024-03-04,5.39,3.79,0.7031539888682746,False
ITAPERUNA,2024-03-04,5.99,3.97,0.662771285475793,True
MACAE,2024-03-04,6.09,4.35,0.7142857142857142,False
MAGE,2024-03-04,5.69,3.99,0.7012302284710017,False
MARICA,2024-03-04,5.69,3.99,0.7012302284710017,False
NILOPOLIS,2024-03-04,5.4399999999999995,3.84,0.7058823529411765,False
NITEROI,2024-03-04,5.49,3.79,0.6903460837887068,True
NOVA FRIBURGO,2024-03-04,5.99,4.29,0.7161936560934892,False
NOVA IGUACU,2024-03-04,5.49,3.88,0.7067395264116575,False
PETROPOLIS,2024-03-04,6.29,4.89,0.7774244833068362,False
RESENDE,2024-03-04,5.6850000000000005,3.99,0.7018469656992085,False
RIO BONITO,2024-03-04,5.49,3.79,0.6903460837887068,True
RIO DE JANEIRO,2024-03-04,5.495,3.89,0.707916287534122,False
SANTO ANTONIO DE PADUA,2024-03-04,5.49,3.99,0.726775956284153,False
SAO FRANCISCO DE ITABAPOANA,2024-03-04,6.1850000000000005,4.25,0.68714632174616,True
SAO GONCALO,2024-03-04,5.49,3.79,0.6903460837887068,True
SAO JOAO DE MERITI,2024-03-04,5.57,3.99,0.7163375224416517,False
SAPUCAIA,2024-03-04,5.99,4.49,0.7495826377295493,False
SAQUAREMA,2024-03-04,5.89,3.89,0.6604414261460102,True
TERESOPOLIS,2024-03-04,5.48,3.68,0.6715328467153284,True
TRES RIOS,2024-03-04,6.39,4.89,0.7652582159624413,False
VALENCA,2024-03-04,5.99,4.29,0.7161936560934892,False
VOLTA REDONDA,2024-03-04,5.89,4.19,0.7113752122241087,False
ANGRA DOS REIS,2024-03-11,6.29,4.88,0.7758346581875993,False
ARARUAMA,2024-03-11,5.970000000000001,4.29,0.7185929648241205,False
BARRA DO PIRAI,2024-03-11,6.14,4.62,0.752442996742671,False
BARRA MANSA,2024-03-11,5.98,4.29,0.717391304347826,False
BELFORD ROXO,2024-03-11,5.48,3.79,0.6916058394160584,True
CABO FRIO,2024-03-11,5.85,4.39,0.7504273504273504,False
CAMPOS DOS GOYTACAZES,2024-03-11,6.08,4.24,0.6973684210526316,True
DUQUE DE CAXIAS,2024-03-11,5.59,3.88,0.6940966010733453,True
ITABORAI,2024-03-11,5.54,3.79,0.6841155234657039,True
ITAGUAI,2024-03-11,5.59,3.885,0.6949910554561717,True
ITAPERUNA,2024-03-11,5.99,3.97,0.662771285475793,True
MACAE,2024-03-11,6.09,4.35,0.7142857142857142,False
MAGE,2024-03-11,5.69,3.99,0.7012302284710017,False
MARICA,2024-03-11,5.69,3.99,0.7012302284710017,False
NILOPOLIS,2024-03-11,5.49,3.89,0.7085610200364298,False
NITEROI,2024-03-11,5.49,3.84,0.6994535519125683,True
NOVA FRIBURGO,2024-03-11,5.99,4.29,0.7161936560934892,False
NOVA IGUACU,2024-03-11,5.49,3.875,0.7058287795992714,False
PETROPOLIS,2024-03-11,6.29,4.89,0.7774244833068362,False
RESENDE,2024-03-11,5.54,3.99,0.720216606498195,False
RIO BONITO,2024-03-11,5.49,3.79,0.6903460837887068,True
RIO DE JANEIRO,2024-03-11,5.59,3.88,0.6940966010733453,True
SANTO ANTONIO DE PADUA,2024-03-11,5.59,3.99,0.7137745974955277,False
SAO FRANCISCO DE ITABAPOANA,2024-03-11,6.19,4.29,0.6930533117932148,True
SAO GONCALO,2024-03-11,5.49,3.79,0.6903460837887068,True
SAO JOAO DE MERITI,2024-03-11,5.49,3.84,0.6994535519125683,True
SAPUCAIA,2024-03-11,5.99,4.49,0.7495826377295493,False
SAQUAREMA,2024-03-11,5.89,3.89,0.6604414261460102,True
TERESOPOLIS,2024-03-11,5.515000000000001,3.73,0.6763372620126926,True
TRES RIOS,2024-03-11,6.39,4.89,0.7652582159624413,False
VALENCA,2024-03-11,5.99,4.29,0.7161936560934892,False
VOLTA REDONDA,2024-03-11,5.89,4.19,0.7113752122241087,False
ANGRA DOS REIS,2024-03-18,6.29,4.88,0.7758346581875993,False
ARARUAMA,2024-03-18,5.970000000000001,4.29,0.7185929648241205,False
BARRA DO PIRAI,2024-03-18,6.14,4.63,0.754071661237785,False
BARRA MANSA,2024-03-18,5.915,4.29,0.7252747252747253,False
BELFORD ROXO,2024-03-18,5.48,3.84,0.7007299270072992,False
CABO FRIO,2024-03-18,5.98,4.39,0.7341137123745818,False
CAMPOS DOS GOYTACAZES,2024-03-18,6.0649999999999995,4.19,0.6908491343775763,True
DUQUE DE CAXIAS,2024-03-18,5.59,3.935,0.7039355992844365,False
ITABORAI,2024-03-18,5.54,3.79,0.6841155234657039,True
ITAGUAI,2024-03-18,5.57,3.79,0.6804308797127468,True
ITAPERUNA,2024-03-18,5.99,3.97,0.662771285475793,True
MACAE,2024-03-18,6.09,4.35,0.7142857142857142,False
MARICA,2024-03-18,5.69,3.99,0.7012302284710017,False
NILOPOLIS,2024-03-18,5.4399999999999995,3.89,0.7150735294117648,False
NITEROI,2024-03-18,5.59,3.89,0.6958855098389982,True
NOVA FRIBURGO,2024-03-18,5.99,4.29,0.7161936560934892,False
NOVA IGUACU,2024-03-18,5.49,3.885,0.7076502732240436,False
PETROPOLIS,2024-03-18,6.29,4.89,0.7774244833068362,False
RESENDE,2024-03-18,5.54,3.99,0.720216606498195,False
RIO BONITO,2024-03-18,5.49,3.79,0.6903460837887068,True
RIO DE JANEIRO,2024-03-18,5.57,3.835,0.6885098743267504,True
SANTO ANTONIO DE PADUA,2024-03-18,5.49,3.99,0.726775956284153,False
SAO FRANCISCO DE ITABAPOANA,2024-03-18,6.1850000000000005,4.25,0.68714632174616,True
SAO GONCALO,2024-03-18,5.485,3.79,0.690975387420237,True
SAO JOAO DE MERITI,2024-03-18,5.49,3.79,0.6903460837887068,True
SAPUCAIA,2024-03-18,5.99,4.49,0.7495826377295493,False
SAQUAREMA,2024-03-18,5.89,3.89,0.6604414261460102,True
TERESOPOLIS,2024-03-18,5.4399999999999995,3.7199999999999998,0.6838235294117647,True
TRES RIOS,2024-03-18,6.39,4.89,0.7652582159624413,False
VALENCA,2024-03-18,6.04,4.29,0.7102649006622517,False
VOLTA REDONDA,2024-03-18,5.89,4.19,0.7113752122241087,False
ANGRA DOS REIS,2024-03-25,6.29,4.84,0.7694753577106518,False
ARARUAMA,2024-03-25,5.970000000000001,4.29,0.7185929648241205,False
BARRA DO PIRAI,2024-03-25,6.14,4.62,0.752442996742671,False
BARRA MANSA,2024-03-25,5.89,4.09,0.6943972835314092,True
BELFORD ROXO,2024-03-25,5.48,3.79,0.6916058394160584,True
CABO FRIO,2024-03-25,5.865,4.34,0.7399829497016197,False
CAMPOS DOS GOYTACAZES,2024-03-25,6.04,4.19,0.6937086092715232,True
DUQUE DE CAXIAS,2024-03-25,5.59,3.89,0.6958855098389982,True
ITABORAI,2024-03-25,5.54,3.84,0.6931407942238267,True
ITAGUAI,2024-03-25,5.609999999999999,3.99,0.7112299465240642,False
ITAPERUNA,2024-03-25,5.99,3.97,0.662771285475793,True
MACAE,2024-03-25,6.09,4.369999999999999,0.7175697865353037,False
MAGE,2024-03-25,5.69,3.99,0.7012302284710017,False
MARICA,2024-03-25,5.69,3.99,0.7012302284710017,False
NILOPOLIS,2024-03-25,5.49,3.89,0.7085610200364298,False
NITEROI,2024-03-25,5.59,3.89,0.6958855098389982,True
NOVA FRIBURGO,2024-03-25,5.99,4.29,0.7161936560934892,False
NOVA IGUACU,2024-03-25,5.48,3.79,0.6916058394160584,True
PETROPOLIS,2024-03-25,6.29,4.89,0.7774244833068362,False
RESENDE,2024-03-25,5.640000000000001,4.0649999999999995,0.7207446808510637,False
RIO BONITO,2024-03-25,5.49,3.79,0.6903460837887068,True
RIO DE JANEIRO,2024-03-25,5.59,3.89,0.6958855098389982,True
SANTO ANTONIO DE PADUA,2024-03-25,5.49,3.99,0.726775956284153,False
SAO FRANCISCO DE ITABAPOANA,2024-03-25,6.195,4.325,0.6981436642453591,True
SAO GONCALO,2024-03-25,5.49,3.79,0.6903460837887068,True
SAO JOAO DE MERITI,2024-03-25,5.49,3.79,0.6903460837887068,True
SAPUCAIA,2024-03-25,5.99,4.49,0.7495826377295493,False
SAQUAREMA,2024-03-25,5.89,3.98,0.6757215619694398,True
TERESOPOLIS,2024-03-25,5.4350000000000005,3.66,0.6734130634774609,True
TRES RIOS,2024-03-25,6.39,4.89,0.7652582159624413,False
VALENCA,2024-03-25,5.79,4.29,0.7409326424870466,False
VOLTA REDONDA,2024-03-25,5.89,4.19,0.7113752122241087,False
ANGRA DOS REIS,2024-04-01,6.29,4.84,0.7694753577106518,False
ARARUAMA,2024-04-01,5.970000000000001,4.29,0.7185929648241205,False
BARRA DO PIRAI,2024-04-01,6.14,4.62,0.752442996742671,False
BARRA MANSA,2024-04-01,5.970000000000001,4.369999999999999,0.7319932998324956,False
BELFORD ROXO,2024-04-01,5.48,3.79,0.6916058394160584,True
CABO FRIO,2024-04-01,5.869999999999999,4.39,0.747870528109029,False
CAMPOS DOS GOYTACAZES,2024-04-01,6.24,4.34,0.6955128205128205,True
DUQUE DE CAXIAS,2024-04-01,5.59,3.975,0.7110912343470484,False
ITABORAI,2024-04-01,5.54,3.99,0.720216606498195,False
ITAGUAI,2024-04-01,5.58,3.96,0.7096774193548387,False
ITAPERUNA,2024-04-01,5.99,3.97,0.662771285475793,True
MACAE,2024-04-01,6.09,4.35,0.7142857142857142,False
MAGE,2024-04-01,5.69,3.99,0.7012302284710017,False
MARICA,2024-04-01,5.69,4.09,0.7188049209138839,False
NILOPOLIS,2024-04-01,5.4399999999999995,3.935,0.7233455882352942,False
NITEROI,2024-04-01,5.585,3.89,0.6965085049239034,True
NOVA FRIBURGO,2024-04-01,5.99,4.29,0.7161936560934892,False
NOVA IGUACU,2024-04-01,5.54,3.935,0.7102888086642599,False
PETROPOLIS,2024-04-01,6.29,4.89,0.7774244833068362,False
RESENDE,2024-04-01,5.69,4.08,0.7170474516695957,False
RIO BONITO,2024-04-01,5.49,3.915,0.7131147540983607,False
RIO DE JANEIRO,2024-04-01,5.59,3.89,0.6958855098389982,True
SANTO ANTONIO DE PADUA,2024-04-01,5.49,3.99,0.726775956284153,False
SAO FRANCISCO DE ITABAPOANA,2024-04-01,6.2,4.25,0.6854838709677419,True
SAO GONCALO,2024-04-01,5.54,3.89,0.7021660649819494,False
SAO JOAO DE MERITI,2024-04-01,5.49,3.79,0.6903460837887068,True
SAPUCAIA,2024-04-01,5.99,4.49,0.7495826377295493,False
SAQUAREMA,2024-04-01,5.89,3.89,0.6604414261460102,True
TERESOPOLIS,2024-04-01,5.48,3.87,0.7062043795620437,False
TRES RIOS,2024-04-01,6.39,4.89,0.7652582159624413,False
VALENCA,2024-04-01,6.04,4.29,0.7102649006622517,False
VOLTA REDONDA,2024-04-01,5.89,4.19,0.7113752122241087,False
ANGRA DOS REIS,2024-04-08,6.29,4.84,0.7694753577106518,False
ARARUAMA,2024-04-08,5.99,4.29,0.7161936560934892,False
BARRA DO PIRAI,2024-04-08,6.14,4.63,0.754071661237785,False
BARRA MANSA,2024-04-08,5.89,4.29,0.7283531409168083,False
BELFORD ROXO,2024-04-08,5.515000000000001,4.015000000000001,0.7280145058930191,False
CABO FRIO,2024-04-08,5.85,4.39,0.7504273504273504,False
CAMPOS DOS GOYTACAZES,2024-04-08,6.24,4.34,0.6955128205128205,True
DUQUE DE CAXIAS,2024-04-08,5.67,3.99,0.7037037037037037,False
ITABORAI,2024-04-08,5.585,3.89,0.6965085049239034,True
ITAGUAI,2024-04-08,5.59,3.99,0.7137745974955277,False
ITAPERUNA,2024-04-08,5.99,3.99,0.666110183639399,True
MACAE,2024-04-08,6.09,4.35,0.7142857142857142,False
MARICA,2024-04-08,5.69,4.09,0.7188049209138839,False
NILOPOLIS,2024-04-08,5.39,3.99,0.7402597402597404,False
NITEROI,2024-04-08,5.485,3.89,0.7092069279854147,False
NOVA FRIBURGO,2024-04-08,5.99,4.29,0.7161936560934892,False
NOVA IGUACU,2024-04-08,5.49,3.99,0.726775956284153,False
PETROPOLIS,2024-04-08,6.29,4.89,0.7774244833068362,False
RESENDE,2024-04-08,5.89,4.32,0.733446519524618,False
RIO BONITO,2024-04-08,5.49,3.9400000000000004,0.7176684881602915,False
RIO DE JANEIRO,2024-04-08,5.59,3.99,0.7137745974955277,False
SANTO ANTONIO DE PADUA,2024-04-08,5.59,3.99,0.7137745974955277,False
SAO FRANCISCO DE ITABAPOANA,2024-04-08,6.2,4.25,0.6854838709677419,True
SAO GONCALO,2024-04-08,5.49,3.9400000000000004,0.7176684881602915,False
SAO JOAO DE MERITI,2024-04-08,5.49,3.99,0.726775956284153,False
SAPUCAIA,2024-04-08,6.09,4.69,0.7701149425287357,False
SAQUAREMA,2024-04-08,5.89,3.89,0.6604414261460102,True
TERESOPOLIS,2024-04-08,5.44,3.8600000000000003,0.7095588235294118,False
TRES RIOS,2024-04-08,6.39,4.89,0.7652582159624413,False
VALENCA,2024-04-08,5.49,4.29,0.7814207650273224,False
VOLTA REDONDA,2024-04-08,5.89,4.34,0.736842105263158,False
ANGRA DOS REIS,2024-04-15,6.29,4.84,0.7694753577106518,False
ARARUAMA,2024-04-15,5.970000000000001,4.39,0.7353433835845895,False
BARRA DO PIRAI,2024-04-15,6.14,4.62,0.752442996742671,False
BARRA MANSA,2024-04-15,5.89,4.29,0.7283531409168083,False
BELFORD ROXO,2024-04-15,5.49,3.99,0.726775956284153,False
CABO FRIO,2024-04-15,5.8,4.29,0.7396551724137931,False
CAMPOS DOS GOYTACAZES,2024-04-15,6.3149999999999995,4.49,0.7110055423594617,False
DUQUE DE CAXIAS,2024-04-15,5.69,3.99,0.7012302284710017,False
ITABORAI,2024-04-15,5.635,4.04,0.7169476486246673,False
ITAGUAI,2024-04-15,5.66,4.165,0.7358657243816255,False
ITAPERUNA,2024-04-15,6.29,4.29,0.6820349761526232,True
MACAE,2024-04-15,6.09,4.35,0.7142857142857142,False
MAGE,2024-04-15,5.69,4.09,0.7188049209138839,False
MARICA,2024-04-15,5.69,4.19,0.7363796133567663,False
NILOPOLIS,2024-04-15,5.49,4.04,0.7358834244080146,False
NITEROI,2024-04-15,5.39,3.89,0.7217068645640075,False
NOVA FRIBURGO,2024-04-15,5.99,4.29,0.7161936560934892,False
NOVA IGUACU,2024-04-15,5.58,3.99,0.7150537634408602,False
PETROPOLIS,2024-04-15,6.29,4.89,0.7774244833068362,False
RESENDE,2024-04-15,5.69,4.265000000000001,0.749560632688928,False
RIO BONITO,2024-04-15,5.54,4.005,0.7229241877256317,False
RIO DE JANEIRO,2024-04-15,5.59,3.99,0.7137745974955277,False
SANTO ANTONIO DE PADUA,2024-04-15,5.59,3.99,0.7137745974955277,False
SAO FRANCISCO DE ITABAPOANA,2024-04-15,6.13,4.2,0.6851549755301795,True
SAO GONCALO,2024-04-15,5.49,3.99,0.726775956284153,False
SAO JOAO DE MERITI,2024-04-15,5.49,4.09,0.7449908925318761,False
SAQUAREMA,2024-04-15,5.89,3.99,0.6774193548387097,True
TERESOPOLIS,2024-04-15,5.45,3.89,0.7137614678899082,False
TRES RIOS,2024-04-15,6.39,4.89,0.7652582159624413,False
VALENCA,2024-04-15,6.05,4.49,0.7421487603305785,False
VOLTA REDONDA,2024-04-15,5.89,4.39,0.7453310696095077,False
ANGRA DOS REIS,2024-04-22,6.29,4.84,0.7694753577106518,False
ARARUAMA,2024-04-22,5.970000000000001,4.39,0.7353433835845895,False
BARRA DO PIRAI,2024-04-22,6.14,4.654999999999999,0.7581433224755699,False
BARRA MANSA,2024-04-22,5.89,4.29,0.7283531409168083,False
BELFORD ROXO,2024-04-22,5.505,4.140000000000001,0.7520435967302453,False
CABO FRIO,2024-04-22,6.18,4.58,0.7411003236245955,False
CAMPOS DOS GOYTACAZES,2024-04-22,6.34,4.465,0.7042586750788643,False
DUQUE DE CAXIAS,2024-04-22,5.67,3.99,0.7037037037037037,False
ITABORAI,2024-04-22,5.635,4.04,0.7169476486246673,False
ITAGUAI,2024-04-22,5.59,3.99,0.7137745974955277,False
ITAPERUNA,2024-04-22,6.27,4.29,0.6842105263157895,True
MACAE,2024-04-22,6.09,4.35,0.7142857142857142,False
MAGE,2024-04-22,5.69,4.09,0.7188049209138839,False
MARICA,2024-04-22,5.69,4.09,0.7188049209138839,False
NILOPOLIS,2024-04-22,5.54,4.04,0.7292418772563177,False
NITEROI,2024-04-22,5.39,3.89,0.7217068645640075,False
NOVA FRIBURGO,2024-04-22,5.99,4.29,0.7161936560934892,False
NOVA IGUACU,2024-04-22,5.54,4.09,0.7382671480144404,False
PETROPOLIS,2024-04-22,6.34,4.9399999999999995,0.779179810725552,False
RESENDE,2024-04-22,5.640000000000001,4.220000000000001,0.74822695035461,False
RIO BONITO,2024-04-22,5.54,4.0649999999999995,0.7337545126353789,False
RIO DE JANEIRO,2024-04-22,5.57,3.99,0.7163375224416517,False
SANTO ANTONIO DE PADUA,2024-04-22,5.69,4.19,0.7363796133567663,False
SAO FRANCISCO DE ITABAPOANA,2024-04-22,6.13,4.19,0.6835236541598696,True
SAO GONCALO,2024-04-22,5.49,3.99,0.726775956284153,False
SAO JOAO DE MERITI,2024-04-22,5.59,4.19,0.7495527728085869,False
SAQUAREMA,2024-04-22,5.89,4.07,0.6910016977928694,True
TERESOPOLIS,2024-04-22,5.470000000000001,3.9400000000000004,0.7202925045703839,False
TRES RIOS,2024-04-22,6.39,4.89,0.7652582159624413,False
VALENCA,2024-04-22,5.99,4.39,0.7328881469115192,False
VOLTA REDONDA,2024-04-22,5.89,4.39,0.7453310696095077,False
ANGRA DOS REIS,2024-04-29,6.29,4.895,0.7782193958664546,False
ARARUAMA,2024-04-29,5.970000000000001,4.39,0.7353433835845895,False
BARRA DO PIRAI,2024-04-29,6.16,4.68,0.7597402597402597,False
BARRA MANSA,2024-04-29,5.89,4.39,0.7453310696095077,False
BELFORD ROXO,2024-04-29,5.59,4.140000000000001,0.7406082289803221,False
CABO FRIO,2024-04-29,6.18,4.49,0.726537216828479,False
CAMPOS DOS GOYTACAZES,2024-04-29,6.34,4.465,0.7042586750788643,False
DUQUE DE CAXIAS,2024-04-29,5.67,4.035,0.7116402116402116,False
ITABORAI,2024-04-29,5.640000000000001,4.0649999999999995,0.7207446808510637,False
ITAGUAI,2024-04-29,5.63,4.24,0.7531083481349912,False
ITAPERUNA,2024-04-29,6.25,4.29,0.6864,True
MAGE,2024-04-29,5.69,4.09,0.7188049209138839,False
MARICA,2024-04-29,5.74,4.19,0.7299651567944251,False
NILOPOLIS,2024-04-29,5.54,4.04,0.7292418772563177,False
NITEROI,2024-04-29,5.49,3.99,0.726775956284153,False
NOVA FRIBURGO,2024-04-29,5.99,4.29,0.7161936560934892,False
NOVA IGUACU,2024-04-29,5.585,4.09,0.7323187108325873,False
PETROPOLIS,2024-04-29,6.34,4.9399999999999995,0.779179810725552,False
RESENDE,2024-04-29,5.59,4.19,0.7495527728085869,False
RIO BONITO,2024-04-29,5.54,4.04,0.7292418772563177,False
RIO DE JANEIRO,2024-04-29,5.57,3.99,0.7163375224416517,False
SANTO ANTONIO DE PADUA,2024-04-29,5.69,4.34,0.7627416520210896,False
SAO FRANCISCO DE ITABAPOANA,2024-04-29,6.13,4.2,0.6851549755301795,True
SAO GONCALO,2024-04-29,5.49,3.99,0.726775956284153,False
SAO JOAO DE MERITI,2024-04-29,5.59,4.19,0.7495527728085869,False
SAPUCAIA,2024-04-29,6.09,4.69,0.7701149425287357,False
SAQUAREMA,2024-04-29,5.99,4.09,0.682804674457429,True
TERESOPOLIS,2024-04-29,5.45,3.88,0.7119266055045871,False
TRES RIOS,2024-04-29,6.39,4.89,0.7652582159624413,False
VALENCA,2024-04-29,5.79,4.29,0.7409326424870466,False
VOLTA REDONDA,2024-04-29,5.985,4.59,0.7669172932330827,False
ANGRA DOS REIS,2024-05-06,6.29,4.84,0.7694753577106518,False
ARARUAMA,2024-05-06,5.970000000000001,4.39,0.7353433835845895,False
BARRA DO PIRAI,2024-05-06,6.29,4.68,0.7440381558028616,False
BARRA MANSA,2024-05-06,5.975,4.39,0.7347280334728034,False
BELFORD ROXO,2024-05-06,5.59,4.09,0.7316636851520573,False
CABO FRIO,2024-05-06,6.09,4.48,0.7356321839080461,False
CAMPOS DOS GOYTACAZES,2024-05-06,6.34,4.44,0.7003154574132493,False
DUQUE DE CAXIAS,2024-05-06,5.67,4.07,0.7178130511463845,False
ITABORAI,2024-05-06,5.640000000000001,4.0649999999999995,0.7207446808510637,False
ITAGUAI,2024-05-06,5.609999999999999,4.09,0.7290552584670232,False
ITAPERUNA,2024-05-06,6.25,4.29,0.6864,True
MACAE,2024-05-06,6.09,4.49,0.7372742200328408,False
MARICA,2024-05-06,5.69,4.19,0.7363796133567663,False
NILOPOLIS,2024-05-06,5.54,4.04,0.7292418772563177,False
NITEROI,2024-05-06,5.49,3.99,0.726775956284153,False
NOVA FRIBURGO,2024-05-06,5.99,4.29,0.7161936560934892,False
NOVA IGUACU,2024-05-06,5.63,4.12,0.7317939609236235,False
PETROPOLIS,2024-05-06,6.3149999999999995,4.89,0.7743467933491687,False
RESENDE,2024-05-06,5.59,4.140000000000001,0.7406082289803221,False
RIO BONITO,2024-05-06,5.54,4.04,0.7292418772563177,False
RIO DE JANEIRO,2024-05-06,5.59,4.09,0.7316636851520573,False
SANTO ANTONIO DE PADUA,2024-05-06,5.69,4.34,0.7627416520210896,False
SAO FRANCISCO DE ITABAPOANA,2024-05-06,6.13,4.2,0.6851549755301795,True
SAO GONCALO,2024-05-06,5.49,3.99,0.726775956284153,False
SAO JOAO DE MERITI,2024-05-06,5.59,4.19,0.7495527728085869,False
SAQUAREMA,2024-05-06,5.99,4.09,0.682804674457429,True
TERESOPOLIS,2024-05-06,5.45,3.885,0.7128440366972476,False
TRES RIOS,2024-05-06,6.39,4.89,0.7652582159624413,False
VALENCA,2024-05-06,6.09,4.49,0.7372742200328408,False
VOLTA REDONDA,2024-05-06,5.99,4.49,0.7495826377295493,False
ANGRA DOS REIS,2024-05-13,6.29,4.895,0.7782193958664546,False
ARARUAMA,2024-05-13,5.970000000000001,4.39,0.7353433835845895,False
BARRA DO PIRAI,2024-05-13,6.29,4.6850000000000005,0.7448330683624802,False
BARRA MANSA,2024-05-13,5.925,4.39,0.7409282700421941,False
BELFORD ROXO,2024-05-13,5.59,4.09,0.7316636851520573,False
CABO FRIO,2024-05-13,6.15,4.49,0.7300813008130081,False
CAMPOS DOS GOYTACAZES,2024-05-13,6.34,4.44,0.7003154574132493,False
DUQUE DE CAXIAS,2024-05-13,5.59,3.99,0.7137745974955277,False
ITABORAI,2024-05-13,5.640000000000001,4.0649999999999995,0.7207446808510637,False
ITAGUAI,2024-05-13,5.54,3.99,0.720216606498195,False
ITAPERUNA,2024-05-13,6.25,4.29,0.6864,True
MACAE,2024-05-13,6.09,4.42,0.7257799671592775,False
MAGE,2024-05-13,5.69,4.09,0.7188049209138839,False
MARICA,2024-05-13,5.69,4.19,0.7363796133567663,False
NILOPOLIS,2024-05-13,5.54,4.04,0.7292418772563177,False
NITEROI,2024-05-13,5.49,3.99,0.726775956284153,False
NOVA FRIBURGO,2024-05-13,5.99,4.29,0.7161936560934892,False
NOVA IGUACU,2024-05-13,5.585,4.135,0.7403760071620411,False
PETROPOLIS,2024-05-13,6.34,4.9399999999999995,0.779179810725552,False
RESENDE,2024-05-13,5.69,4.265000000000001,0.749560632688928,False
RIO BONITO,2024-05-13,5.640000000000001,4.135,0.7331560283687942,False
RIO DE JANEIRO,2024-05-13,5.59,3.99,0.7137745974955277,False
SANTO ANTONIO DE PADUA,2024-05-13,5.69,4.34,0.7627416520210896,False
SAO FRANCISCO DE ITABAPOANA,2024-05-13,6.49,4.49,0.6918335901386748,True
SAO GONCALO,2024-05-13,5.49,3.99,0.726775956284153,False
SAO JOAO DE MERITI,2024-05-13,5.59,4.19,0.7495527728085869,False
SAQUAREMA,2024-05-13,5.99,4.09,0.682804674457429,True
TERESOPOLIS,2024-05-13,5.5,3.89,0.7072727272727273,False
TRES RIOS,2024-05-13,6.39,4.89,0.7652582159624413,False
VALENCA,2024-05-13,6.04,4.49,0.7433774834437087,False
VOLTA REDONDA,2024-05-13,5.99,4.535,0.7570951585976627,False
ANGRA DOS REIS,2024-05-20,6.29,4.84,0.7694753577106518,False
ARARUAMA,2024-05-20,5.970000000000001,4.39,0.7353433835845895,False
BARRA DO PIRAI,2024-05-20,6.29,4.59,0.7297297297297297,False
BARRA MANSA,2024-05-20,5.925,4.39,0.7409282700421941,False
BELFORD ROXO,2024-05-20,5.59,4.09,0.7316636851520573,False
CABO FRIO,2024-05-20,6.09,4.465,0.7331691297208539,False
CAMPOS DOS GOYTACAZES,2024-05-20,6.34,4.49,0.7082018927444795,False
DUQUE DE CAXIAS,2024-05-20,5.69,3.99,0.7012302284710017,False
ITABORAI,2024-05-20,5.640000000000001,4.0649999999999995,0.7207446808510637,False
ITAGUAI,2024-05-20,5.609999999999999,4.09,0.7290552584670232,False
ITAPERUNA,2024-05-20,6.25,4.29,0.6864,True
MACAE,2024-05-20,6.09,4.49,0.7372742200328408,False
MAGE,2024-05-20,5.29,3.69,0.6975425330812854,True
MARICA,2024-05-20,5.69,4.19,0.7363796133567663,False
NILOPOLIS,2024-05-20,5.54,4.04,0.7292418772563177,False
NITEROI,2024-05-20,5.48,3.99,0.7281021897810219,False
NOVA FRIBURGO,2024-05-20,5.99,4.29,0.7161936560934892,False
NOVA IGUACU,2024-05-20,5.555,4.04,0.7272727272727273,False
PETROPOLIS,2024-05-20,6.34,4.9399999999999995,0.779179810725552,False
RESENDE,2024-05-20,5.640000000000001,4.235,0.750886524822695,False
RIO BONITO,2024-05-20,5.54,4.04,0.7292418772563177,False
RIO DE JANEIRO,2024-05-20,5.59,3.99,0.7137745974955277,False
SANTO ANTONIO DE PADUA,2024-05-20,5.69,4.34,0.7627416520210896,False
SAO GONCALO,2024-05-20,5.54,3.99,0.720216606498195,False
SAO JOAO DE MERITI,2024-05-20,5.59,4.19,0.7495527728085869,False
SAQUAREMA,2024-05-20,5.99,4.09,0.682804674457429,True
TERESOPOLIS,2024-05-20,5.45,3.89,0.7137614678899082,False
TRES RIOS,2024-05-20,6.39,4.89,0.7652582159624413,False
VALENCA,2024-05-20,6.09,4.49,0.7372742200328408,False
VOLTA REDONDA,2024-05-20,5.98,4.485,0.75,False
ANGRA DOS REIS,2024-05-27,6.29,4.84,0.7694753577106518,False
ARARUAMA,2024-05-27,5.970000000000001,4.39,0.7353433835845895,False
BARRA DO PIRAI,2024-05-27,6.285,4.535,0.7215592680986476,False
BARRA MANSA,2024-05-27,5.985,4.45,0.7435254803675856,False
BELFORD ROXO,2024-05-27,5.55,4.09,0.736936936936937,False
CABO FRIO,2024-05-27,6.18,4.58,0.7411003236245955,False
CAMPOS DOS GOYTACAZES,2024-05-27,6.34,4.49,0.7082018927444795,False
DUQUE DE CAXIAS,2024-05-27,5.69,4.18,0.734622144112478,False
ITABORAI,2024-05-27,5.59,4.0649999999999995,0.7271914132379248,False
ITAGUAI,2024-05-27,5.609999999999999,4.09,0.7290552584670232,False
ITAPERUNA,2024-05-27,6.25,4.27,0.6831999999999999,True
MACAE,2024-05-27,6.09,4.49,0.7372742200328408,False
MAGE,2024-05-27,5.69,4.09,0.7188049209138839,False
MARICA,2024-05-27,5.89,4.19,0.7113752122241087,False
NILOPOLIS,2024-05-27,5.54,4.04,0.7292418772563177,False
NITEROI,2024-05-27,5.48,3.99,0.7281021897810219,False
NOVA FRIBURGO,2024-05-27,5.99,4.29,0.7161936560934892,False
NOVA IGUACU,2024-05-27,5.58,3.99,0.7150537634408602,False
PETROPOLIS,2024-05-27,6.34,4.9399999999999995,0.779179810725552,False
RESENDE,2024-05-27,5.59,4.09,0.7316636851520573,False
RIO BONITO,2024-05-27,5.54,3.99,0.720216606498195,False
RIO DE JANEIRO,2024-05-27,5.59,3.99,0.7137745974955277,False
SANTO ANTONIO DE PADUA,2024-05-27,5.69,4.34,0.7627416520210896,False
SAO FRANCISCO DE ITABAPOANA,2024-05-27,6.195,4.345000000000001,0.7013720742534303,False
SAO GONCALO,2024-05-27,5.585,3.99,0.7144136078782454,False
SAO JOAO DE MERITI,2024-05-27,5.59,4.15,0.742397137745975,False
SAQUAREMA,2024-05-27,5.99,4.09,0.682804674457429,True
TERESOPOLIS,2024-05-27,5.49,3.89,0.7085610200364298,False
TRES RIOS,2024-05-27,6.39,4.89,0.7652582159624413,False
VALENCA,2024-05-27,6.09,4.49,0.7372742200328408,False
VOLTA REDONDA,2024-05-27,5.99,4.65,0.7762938230383973,False
ANGRA DOS REIS,2024-06-03,6.29,4.84,0.7694753577106518,False
ARARUAMA,2024-06-03,5.970000000000001,4.39,0.7353433835845895,False
BARRA DO PIRAI,2024-06-03,6.285,4.535,0.7215592680986476,False
BARRA MANSA,2024-06-03,5.89,4.39,0.7453310696095077,False
BELFORD ROXO,2024-06-03,5.59,4.09,0.7316636851520573,False
CABO FRIO,2024-06-03,6.18,4.58,0.7411003236245955,False
CAMPOS DOS GOYTACAZES,2024-06-03,6.34,4.44,0.7003154574132493,False
DUQUE DE CAXIAS,2024-06-03,5.59,4.09,0.7316636851520573,False
ITABORAI,2024-06-03,5.640000000000001,4.015000000000001,0.7118794326241135,False
ITAGUAI,2024-06-03,5.59,4.140000000000001,0.7406082289803221,False
ITAPERUNA,2024-06-03,6.25,4.29,0.6864,True
MACAE,2024-06-03,6.09,4.49,0.7372742200328408,False
MAGE,2024-06-03,6.29,4.59,0.7297297297297297,False
MARICA,2024-06-03,5.69,4.19,0.7363796133567663,False
NILOPOLIS,2024-06-03,5.54,4.04,0.7292418772563177,False
NITEROI,2024-06-03,5.49,3.99,0.726775956284153,False
NOVA FRIBURGO,2024-06-03,5.99,4.39,0.7328881469115192,False
NOVA IGUACU,2024-06-03,5.585,3.99,0.7144136078782454,False
PETROPOLIS,2024-06-03,6.34,4.9399999999999995,0.779179810725552,False
RESENDE,2024-06-03,5.615,4.19,0.7462154942119323,False
RIO BONITO,2024-06-03,5.54,3.99,0.720216606498195,False
RIO DE JANEIRO,2024-06-03,5.59,3.99,0.7137745974955277,False
SANTO ANTONIO DE PADUA,2024-06-03,5.69,4.33,0.7609841827768014,False
SAO FRANCISCO DE ITABAPOANA,2024-06-03,6.195,4.345000000000001,0.7013720742534303,False
SAO GONCALO,2024-06-03,5.59,3.99,0.7137745974955277,False
SAO JOAO DE MERITI,2024-06-03,5.59,4.15,0.742397137745975,False
SAQUAREMA,2024-06-03,5.99,4.07,0.6794657762938231,True
TERESOPOLIS,2024-06-03,5.49,3.89,0.7085610200364298,False
TRES RIOS,2024-06-03,6.39,4.89,0.7652582159624413,False
VALENCA,2024-06-03,5.89,4.39,0.7453310696095077,False
VOLTA REDONDA,2024-06-03,5.98,4.43,0.7408026755852842,False
ANGRA DOS REIS,2024-06-10,6.29,4.84,0.7694753577106518,False
ARARUAMA,2024-06-10,5.970000000000001,4.39,0.7353433835845895,False
BARRA DO PIRAI,2024-06-10,6.285,4.535,0.7215592680986476,False
BARRA MANSA,2024-06-10,6.01,4.49,0.7470881863560733,False
BELFORD ROXO,2024-06-10,5.59,3.99,0.7137745974955277,False
CABO FRIO,2024-06-10,6.165,4.535,0.7356042173560422,False
CAMPOS DOS GOYTACAZES,2024-06-10,6.34,4.44,0.7003154574132493,False
DUQUE DE CAXIAS,2024-06-10,5.45,3.88,0.7119266055045871,False
ITABORAI,2024-06-10,5.69,3.99,0.7012302284710017,False
ITAGUAI,2024-06-10,5.54,4.09,0.7382671480144404,False
ITAPERUNA,2024-06-10,6.25,4.27,0.6831999999999999,True
MACAE,2024-06-10,6.09,4.49,0.7372742200328408,False
MAGE,2024-06-10,5.69,4.19,0.7363796133567663,False
MARICA,2024-06-10,5.89,4.19,0.7113752122241087,False
NILOPOLIS,2024-06-10,5.54,4.04,0.7292418772563177,False
NITEROI,2024-06-10,5.49,3.99,0.726775956284153,False
NOVA FRIBURGO,2024-06-10,5.99,4.29,0.7161936560934892,False
NOVA IGUACU,2024-06-10,5.54,3.99,0.720216606498195,False
PETROPOLIS,2024-06-10,6.34,4.9399999999999995,0.779179810725552,False
RESENDE,2024-06-10,5.640000000000001,4.19,0.7429078014184397,False
RIO BONITO,2024-06-10,5.6899999999999995,4.035,0.7091388400702988,False
RIO DE JANEIRO,2024-06-10,5.69,3.99,0.7012302284710017,False
SANTO ANTONIO DE PADUA,2024-06-10,5.69,4.3,0.7557117750439366,False
SAO FRANCISCO DE ITABAPOANA,2024-06-10,6.26,4.49,0.7172523961661342,False
SAO GONCALO,2024-06-10,5.535,3.99,0.7208672086720868,False
SAO JOAO DE MERITI,2024-06-10,5.59,4.19,0.7495527728085869,False
SAQUAREMA,2024-06-10,5.88,4.07,0.6921768707482994,True
TERESOPOLIS,2024-06-10,5.49,3.89,0.7085610200364298,False
TRES RIOS,2024-06-10,6.39,4.89,0.7652582159624413,False
VALENCA,2024-06-10,5.89,4.39,0.7453310696095077,False
VOLTA REDONDA,2024-06-10,5.98,4.485,0.75,False
ANGRA DOS REIS,2024-06-17,6.29,4.84,0.7694753577106518,False
ARARUAMA,2024-06-17,5.970000000000001,4.39,0.7353433835845895,False
BARRA DO PIRAI,2024-06-17,6.285,4.535,0.7215592680986476,False
BARRA MANSA,2024-06-17,5.89,4.39,0.7453310696095077,False
BELFORD ROXO,2024-06-17,5.59,3.99,0.7137745974955277,False
CABO FRIO,2024-06-17,6.135,4.52,0.7367563162184189,False
CAMPOS DOS GOYTACAZES,2024-06-17,6.33,4.44,0.7014218009478673,False
DUQUE DE CAXIAS,2024-06-17,5.59,3.97,0.7101967799642219,False
ITABORAI,2024-06-17,5.640000000000001,4.015000000000001,0.7118794326241135,False
ITAGUAI,2024-06-17,5.59,4.12,0.7370304114490162,False
ITAPERUNA,2024-06-17,6.25,4.27,0.6831999999999999,True
MACAE,2024-06-17,6.09,4.49,0.7372742200328408,False
MAGE,2024-06-17,5.69,4.09,0.7188049209138839,False
MARICA,2024-06-17,5.69,4.19,0.7363796133567663,False
NILOPOLIS,2024-06-17,5.54,4.04,0.7292418772563177,False
NITEROI,2024-06-17,5.49,3.99,0.726775956284153,False
NOVA FRIBURGO,2024-06-17,5.99,4.34,0.7245409015025042,False
NOVA IGUACU,2024-06-17,5.54,3.99,0.720216606498195,False
PETROPOLIS,2024-06-17,6.34,4.9399999999999995,0.779179810725552,False
RESENDE,2024-06-17,5.79,4.34,0.7495682210708117,False
RIO BONITO,2024-06-17,5.59,3.9850000000000003,0.7128801431127013,False
RIO DE JANEIRO,2024-06-17,5.59,3.99,0.7137745974955277,False
SANTO ANTONIO DE PADUA,2024-06-17,5.69,4.3,0.7557117750439366,False
SAO FRANCISCO DE ITABAPOANA,2024-06-17,6.195,4.345000000000001,0.7013720742534303,False
SAO GONCALO,2024-06-17,5.585,3.99,0.7144136078782454,False
SAO JOAO DE MERITI,2024-06-17,5.59,4.19,0.7495527728085869,False
SAQUAREMA,2024-06-17,5.88,4.07,0.6921768707482994,True
TERESOPOLIS,2024-06-17,5.49,3.89,0.7085610200364298,False
TRES RIOS,2024-06-17,6.39,4.9399999999999995,0.7730829420970265,False
VALENCA,2024-06-17,6.09,4.49,0.7372742200328408,False
VOLTA REDONDA,2024-06-17,5.98,4.485,0.75,False
ANGRA DOS REIS,2024-06-24,6.29,4.84,0.7694753577106518,False
ARARUAMA,2024-06-24,5.99,4.39,0.7328881469115192,False
BARRA DO PIRAI,2024-06-24,6.285,4.535,0.7215592680986476,False
BARRA MANSA,2024-06-24,5.89,4.39,0.7453310696095077,False
BELFORD ROXO,2024-06-24,5.55,3.89,0.700900900900901,False
CABO FRIO,2024-06-24,6.14,4.55,0.741042345276873,False
CAMPOS DOS GOYTACAZES,2024-06-24,6.33,4.44,0.7014218009478673,False
DUQUE DE CAXIAS,2024-06-24,5.59,3.99,0.7137745974955277,False
ITABORAI,2024-06-24,5.640000000000001,4.015000000000001,0.7118794326241135,False
ITAGUAI,2024-06-24,5.655,4.17,0.7374005305039787,False
ITAPERUNA,2024-06-24,6.25,4.29,0.6864,True
MACAE,2024-06-24,6.09,4.49,0.7372742200328408,False
MARICA,2024-06-24,5.89,4.19,0.7113752122241087,False
NILOPOLIS,2024-06-24,5.54,4.04,0.7292418772563177,False
NITEROI,2024-06-24,5.49,3.99,0.726775956284153,False
NOVA FRIBURGO,2024-06-24,5.99,4.34,0.7245409015025042,False
NOVA IGUACU,2024-06-24,5.58,3.99,0.7150537634408602,False
PETROPOLIS,2024-06-24,6.34,4.9399999999999995,0.779179810725552,False
RESENDE,2024-06-24,5.74,4.19,0.7299651567944251,False
RIO BONITO,2024-06-24,5.59,4.035,0.721824686940966,False
RIO DE JANEIRO,2024-06-24,5.69,3.99,0.7012302284710017,False
SANTO ANTONIO DE PADUA,2024-06-24,5.69,4.3,0.7557117750439366,False
SAO FRANCISCO DE ITABAPOANA,2024-06-24,6.135,4.335,0.706601466992665,False
SAO GONCALO,2024-06-24,5.59,3.99,0.7137745974955277,False
SAO JOAO DE MERITI,2024-06-24,5.59,4.19,0.7495527728085869,False
SAQUAREMA,2024-06-24,5.88,4.07,0.6921768707482994,True
TERESOPOLIS,2024-06-24,5.49,3.89,0.7085610200364298,False
TRES RIOS,2024-06-24,6.39,4.89,0.7652582159624413,False
VALENCA,2024-06-24,5.89,4.39,0.7453310696095077,False
VOLTA REDONDA,2024-06-24,5.98,4.43,0.7408026755852842,False
ANGRA DOS REIS,2024-07-01,6.295,4.89,0.7768069896743447,False
ARARUAMA,2024-07-01,5.970000000000001,4.39,0.7353433835845895,False
BARRA MANSA,2024-07-01,5.93,4.49,0.7571669477234402,False
BELFORD ROXO,2024-07-01,5.49,4.09,0.7449908925318761,False
CABO FRIO,2024-07-01,6.14,4.55,0.741042345276873,False
CAMPOS DOS GOYTACAZES,2024-07-01,6.33,4.44,0.7014218009478673,False
DUQUE DE CAXIAS,2024-07-01,5.78,4.18,0.7231833910034601,False
ITABORAI,2024-07-01,5.69,4.0600000000000005,0.7135325131810194,False
ITAPERUNA,2024-07-01,6.25,4.29,0.6864,True
MACAE,2024-07-01,6.09,4.49,0.7372742200328408,False
MARICA,2024-07-01,5.69,4.19,0.7363796133567663,False
NILOPOLIS,2024-07-01,5.54,4.04,0.7292418772563177,False
NITEROI,2024-07-01,5.49,3.89,0.7085610200364298,False
NOVA FRIBURGO,2024-07-01,5.99,4.34,0.7245409015025042,False
NOVA IGUACU,2024-07-01,5.59,3.99,0.7137745974955277,False
PETROPOLIS,2024-07-01,6.34,4.9399999999999995,0.779179810725552,False
RIO BONITO,2024-07-01,5.59,3.9850000000000003,0.7128801431127013,False
RIO DE JANEIRO,2024-07-01,5.6850000000000005,4.09,0.7194371152154793,False
SANTO ANTONIO DE PADUA,2024-07-01,5.69,4.3,0.7557117750439366,False
SAO GONCALO,2024-07-01,5.59,3.99,0.7137745974955277,False
SAO JOAO DE MERITI,2024-07-01,5.59,4.19,0.7495527728085869,False
SAQUAREMA,2024-07-01,5.88,4.07,0.6921768707482994,True
TRES RIOS,2024-07-01,6.39,4.89,0.7652582159624413,False
VOLTA REDONDA,2024-07-01,5.99,4.49,0.7495826377295493,False
ANGRA DOS REIS,2024-07-08,6.29,4.97,0.7901430842607313,False
ARARUAMA,2024-07-08,5.970000000000001,4.39,0.7353433835845895,False
BARRA MANSA,2024-07-08,5.93,4.47,0.7537942664418212,False
BELFORD ROXO,2024-07-08,5.5,4.09,0.7436363636363637,False
CABO FRIO,2024-07-08,6.16,4.55,0.7386363636363635,False
CAMPOS DOS GOYTACAZES,2024-07-08,6.3100000000000005,4.6,0.7290015847860538,False
DUQUE DE CAXIAS,2024-07-08,5.69,4.09,0.7188049209138839,False
ITABORAI,2024-07-08,5.89,4.140000000000001,0.702886247877759,False
ITAPERUNA,2024-07-08,6.37,4.65,0.7299843014128728,False
MACAE,2024-07-08,6.31,4.59,0.7274167987321711,False
MARICA,2024-07-08,5.69,4.19,0.7363796133567663,False
NILOPOLIS,2024-07-08,5.54,4.04,0.7292418772563177,False
NITEROI,2024-07-08,5.59,3.99,0.7137745974955277,False
NOVA FRIBURGO,2024-07-08,5.99,4.29,0.7161936560934892,False
NOVA IGUACU,2024-07-08,5.585,4.045,0.7242614145031334,False
PETROPOLIS,2024-07-08,6.29,4.89,0.7774244833068362,False
RIO BONITO,2024-07-08,5.79,4.140000000000001,0.7150259067357514,False
RIO DE JANEIRO,2024-07-08,5.69,4.19,0.7363796133567663,False
SANTO ANTONIO DE PADUA,2024-07-08,5.69,4.3,0.7557117750439366,False
SAO GONCALO,2024-07-08,5.79,4.39,0.7582037996545768,False
SAO JOAO DE MERITI,2024-07-08,5.59,4.09,0.7316636851520573,False
SAQUAREMA,2024-07-08,5.88,4.07,0.6921768707482994,True
TRES RIOS,2024-07-08,6.59,5.09,0.7723823975720789,False
VOLTA REDONDA,2024-07-08,5.99,4.49,0.7495826377295493,False
ANGRA DOS REIS,2024-07-15,6.49,4.99,0.7688751926040062,False
ARARUAMA,2024-07-15,6.17,4.39,0.7115072933549432,False
BARRA MANSA,2024-07-15,6.19,4.49,0.7253634894991923,False
BELFORD ROXO,2024-07-15,5.710000000000001,4.19,0.733800350262697,False
CABO FRIO,2024-07-15,6.38,4.68,0.7335423197492162,False
CAMPOS DOS GOYTACAZES,2024-07-15,6.54,4.74,0.7247706422018348,False
DUQUE DE CAXIAS,2024-07-15,5.79,4.19,0.7236614853195165,False
ITABORAI,2024-07-15,5.89,4.19,0.7113752122241087,False
ITAPERUNA,2024-07-15,6.48,4.65,0.7175925925925926,False
MACAE,2024-07-15,6.29,4.59,0.7297297297297297,False
MARICA,2024-07-15,5.89,4.19,0.7113752122241087,False
NILOPOLIS,2024-07-15,5.69,4.19,0.7363796133567663,False
NITEROI,2024-07-15,5.69,4.140000000000001,0.7275922671353252,False
NOVA FRIBURGO,2024-07-15,6.49,4.485,0.6910631741140216,True
NOVA IGUACU,2024-07-15,5.755,4.19,0.7280625543006083,False
PETROPOLIS,2024-07-15,6.49,5.09,0.7842835130970723,False
RIO BONITO,2024-07-15,5.79,4.140000000000001,0.7150259067357514,False
RIO DE JANEIRO,2024-07-15,5.89,4.29,0.7283531409168083,False
SANTO ANTONIO DE PADUA,2024-07-15,5.89,4.39,0.7453310696095077,False
SAO GONCALO,2024-07-15,5.84,4.29,0.7345890410958904,False
SAO JOAO DE MERITI,2024-07-15,5.79,4.26,0.7357512953367875,False
SAQUAREMA,2024-07-15,6.09,4.19,0.6880131362889984,True
TRES RIOS,2024-07-15,6.59,5.09,0.7723823975720789,False
VOLTA REDONDA,2024-07-15,6.29,4.69,0.7456279809220986,False
ANGRA DOS REIS,2024-07-22,6.49,5.04,0.7765793528505393,False
ARARUAMA,2024-07-22,6.17,4.39,0.7115072933549432,False
BARRA MANSA,2024-07-22,6.19,4.59,0.7415185783521808,False
BELFORD ROXO,2024-07-22,5.775,4.19,0.7255411255411256,False
CABO FRIO,2024-07-22,6.38,4.68,0.7335423197492162,False
CAMPOS DOS GOYTACAZES,2024-07-22,6.54,4.74,0.7247706422018348,False
DUQUE DE CAXIAS,2024-07-22,5.89,4.29,0.7283531409168083,False
ITABORAI,2024-07-22,5.81,4.24,0.7297762478485371,False
ITAPERUNA,2024-07-22,6.39,4.62,0.7230046948356808,False
MACAE,2024-07-22,6.31,4.59,0.7274167987321711,False
MARICA,2024-07-22,5.89,4.29,0.7283531409168083,False
NILOPOLIS,2024-07-22,5.69,4.19,0.7363796133567663,False
NITEROI,2024-07-22,5.69,4.09,0.7188049209138839,False
NOVA FRIBURGO,2024-07-22,6.49,4.485,0.6910631741140216,True
NOVA IGUACU,2024-07-22,5.69,4.19,0.7363796133567663,False
PETROPOLIS,2024-07-22,6.49,5.09,0.7842835130970723,False
RIO BONITO,2024-07-22,5.79,4.19,0.7236614853195165,False
RIO DE JANEIRO,2024-07-22,5.99,4.39,0.7328881469115192,False
SANTO ANTONIO DE PADUA,2024-07-22,5.89,4.49,0.7623089983022072,False
SAO GONCALO,2024-07-22,5.85,4.24,0.7247863247863249,False
SAO JOAO DE MERITI,2024-07-22,5.79,4.29,0.7409326424870466,False
SAQUAREMA,2024-07-22,6.08,4.29,0.7055921052631579,False
TRES RIOS,2024-07-22,6.59,5.09,0.7723823975720789,False
VOLTA REDONDA,2024-07-22,6.29,4.69,0.7456279809220986,False
ANGRA DOS REIS,2024-07-29,6.49,4.99,0.7688751926040062,False
ARARUAMA,2024-07-29,6.17,4.39,0.7115072933549432,False
BARRA MANSA,2024-07-29,6.19,4.59,0.7415185783521808,False
BELFORD ROXO,2024-07-29,5.79,4.19,0.7236614853195165,False
CABO FRIO,2024-07-29,6.38,4.68,0.7335423197492162,False
CAMPOS DOS GOYTACAZES,2024-07-29,6.54,4.74,0.7247706422018348,False
DUQUE DE CAXIAS,2024-07-29,5.89,4.29,0.7283531409168083,False
ITABORAI,2024-07-29,5.89,4.335,0.7359932088285229,False
MACAE,2024-07-29,6.31,4.59,0.7274167987321711,False
MARICA,2024-07-29,5.9399999999999995,4.29,0.7222222222222223,False
NILOPOLIS,2024-07-29,5.69,4.19,0.7363796133567663,False
NITEROI,2024-07-29,5.69,4.09,0.7188049209138839,False
NOVA FRIBURGO,2024-07-29,6.49,4.485,0.6910631741140216,True
NOVA IGUACU,2024-07-29,5.69,4.19,0.7363796133567663,False
PETROPOLIS,2024-07-29,6.49,5.09,0.7842835130970723,False
RIO BONITO,2024-07-29,5.79,4.215,0.7279792746113989,False
RIO DE JANEIRO,2024-07-29,5.985,4.38,0.731829573934837,False
SANTO ANTONIO DE PADUA,2024-07-29,5.89,4.49,0.7623089983022072,False
SAO GONCALO,2024-07-29,5.92,4.29,0.7246621621621622,False
SAO JOAO DE MERITI,2024-07-29,5.86,4.24,0.7235494880546075,False
SAQUAREMA,2024-07-29,6.08,4.29,0.7055921052631579,False
TRES RIOS,2024-07-29,6.59,5.09,0.7723823975720789,False
VOLTA REDONDA,2024-07-29,6.29,4.69,0.7456279809220986,False
ANGRA DOS REIS,2024-08-05,6.49,5.07,0.7812018489984592,False
ARARUAMA,2024-08-05,6.17,4.39,0.7115072933549432,False
BARRA MANSA,2024-08-05,6.19,4.59,0.7415185783521808,False
BELFORD ROXO,2024-08-05,5.775,4.19,0.7255411255411256,False
CABO FRIO,2024-08-05,6.26,4.575,0.7308306709265177,False
CAMPOS DOS GOYTACAZES,2024-08-05,6.54,4.74,0.7247706422018348,False
DUQUE DE CAXIAS,2024-08-05,5.79,4.19,0.7236614853195165,False
ITABORAI,2024-08-05,5.88,4.24,0.7210884353741497,False
ITAPERUNA,2024-08-05,6.395,4.59,0.7177482408131353,False
MACAE,2024-08-05,6.29,4.59,0.7297297297297297,False
MARICA,2024-08-05,5.92,4.29,0.7246621621621622,False
NILOPOLIS,2024-08-05,5.69,4.19,0.7363796133567663,False
NITEROI,2024-08-05,5.69,4.19,0.7363796133567663,False
NOVA FRIBURGO,2024-08-05,6.49,4.485,0.6910631741140216,True
NOVA IGUACU,2024-08-05,5.720000000000001,4.210000000000001,0.736013986013986,False
PETROPOLIS,2024-08-05,6.49,5.09,0.7842835130970723,False
RIO BONITO,2024-08-05,5.84,4.234999999999999,0.7251712328767123,False
RIO DE JANEIRO,2024-08-05,5.99,4.29,0.7161936560934892,False
SANTO ANTONIO DE PADUA,2024-08-05,5.96,4.49,0.7533557046979866,False
SAO GONCALO,2024-08-05,5.92,4.29,0.7246621621621622,False
SAO JOAO DE MERITI,2024-08-05,5.79,4.29,0.7409326424870466,False
SAQUAREMA,2024-08-05,6.08,4.29,0.7055921052631579,False
TRES RIOS,2024-08-05,6.59,5.09,0.7723823975720789,False
VOLTA REDONDA,2024-08-05,6.29,4.69,0.7456279809220986,False
ANGRA DOS REIS,2024-08-12,6.49,4.99,0.7688751926040062,False
ARARUAMA,2024-08-12,6.17,4.39,0.7115072933549432,False
BARRA MANSA,2024-08-12,6.175000000000001,4.59,0.74331983805668,False
BELFORD ROXO,2024-08-12,5.775,4.24,0.7341991341991342,False
CABO FRIO,2024-08-12,6.38,4.68,0.7335423197492162,False
CAMPOS DOS GOYTACAZES,2024-08-12,6.54,4.74,0.7247706422018348,False
DUQUE DE CAXIAS,2024-08-12,5.87,4.19,0.7137989778534923,False
ITABORAI,2024-08-12,5.89,4.24,0.7198641765704584,False
ITAPERUNA,2024-08-12,6.445,4.55,0.7059736229635376,False
MACAE,2024-08-12,6.29,4.59,0.7297297297297297,False
MARICA,2024-08-12,5.92,4.29,0.7246621621621622,False
NILOPOLIS,2024-08-12,5.69,4.19,0.7363796133567663,False
NITEROI,2024-08-12,5.69,4.19,0.7363796133567663,False
NOVA FRIBURGO,2024-08-12,6.485,4.48,0.6908249807247494,True
NOVA IGUACU,2024-08-12,5.69,4.19,0.7363796133567663,False
PETROPOLIS,2024-08-12,6.49,5.09,0.7842835130970723,False
RIO BONITO,2024-08-12,5.84,4.255000000000001,0.7285958904109591,False
RIO DE JANEIRO,2024-08-12,5.99,4.32,0.7212020033388982,False
SANTO ANTONIO DE PADUA,2024-08-12,5.96,4.4350000000000005,0.7441275167785236,False
SAO GONCALO,2024-08-12,5.89,4.29,0.7283531409168083,False
SAO JOAO DE MERITI,2024-08-12,5.765000000000001,4.29,0.7441457068516911,False
SAQUAREMA,2024-08-12,6.08,4.29,0.7055921052631579,False
TRES RIOS,2024-08-12,6.640000000000001,5.09,0.7665662650602408,False
VOLTA REDONDA,2024-08-12,6.26,4.69,0.7492012779552717,False
ANGRA DOS REIS,2024-08-19,6.49,5.075,0.7819722650231125,False
ARARUAMA,2024-08-19,6.17,4.39,0.7115072933549432,False
BARRA MANSA,2024-08-19,6.1850000000000005,4.59,0.7421180274858528,False
BELFORD ROXO,2024-08-19,5.775,4.19,0.7255411255411256,False
CABO FRIO,2024-08-19,6.324999999999999,4.63,0.73201581027668,False
CAMPOS DOS GOYTACAZES,2024-08-19,6.49,4.74,0.7303543913713405,False
DUQUE DE CAXIAS,2024-08-19,5.79,4.27,0.7374784110535405,False
ITABORAI,2024-08-19,5.89,4.29,0.7283531409168083,False
ITAPERUNA,2024-08-19,6.445,4.55,0.7059736229635376,False
MACAE,2024-08-19,6.32,4.59,0.7262658227848101,False
MARICA,2024-08-19,5.92,4.29,0.7246621621621622,False
NILOPOLIS,2024-08-19,5.69,4.19,0.7363796133567663,False
NITEROI,2024-08-19,5.69,4.19,0.7363796133567663,False
NOVA FRIBURGO,2024-08-19,6.49,4.485,0.6910631741140216,True
NOVA IGUACU,2024-08-19,5.69,4.19,0.7363796133567663,False
PETROPOLIS,2024-08-19,6.49,5.09,0.7842835130970723,False
RIO BONITO,2024-08-19,5.79,4.255000000000001,0.7348877374784112,False
RIO DE JANEIRO,2024-08-19,5.985,4.32,0.7218045112781954,False
SANTO ANTONIO DE PADUA,2024-08-19,5.96,4.4350000000000005,0.7441275167785236,False
SAO GONCALO,2024-08-19,5.77,4.19,0.7261698440207973,False
SAO JOAO DE MERITI,2024-08-19,5.765000000000001,4.29,0.7441457068516911,False
SAQUAREMA,2024-08-19,5.99,4.19,0.6994991652754592,True
TRES RIOS,2024-08-19,6.640000000000001,5.09,0.7665662650602408,False
VOLTA REDONDA,2024-08-19,6.29,4.69,0.7456279809220986,False
ANGRA DOS REIS,2024-08-26,6.49,4.79,0.7380585516178736,False
ARARUAMA,2024-08-26,6.17,4.39,0.7115072933549432,False
BARRA MANSA,2024-08-26,6.1850000000000005,4.59,0.7421180274858528,False
BELFORD ROXO,2024-08-26,5.775,4.19,0.7255411255411256,False
CABO FRIO,2024-08-26,6.324999999999999,4.58,0.7241106719367589,False
CAMPOS DOS GOYTACAZES,2024-08-26,6.465,4.755,0.7354988399071926,False
DUQUE DE CAXIAS,2024-08-26,5.87,4.19,0.7137989778534923,False
ITABORAI,2024-08-26,5.88,4.285,0.7287414965986395,False
ITAPERUNA,2024-08-26,6.44,4.55,0.7065217391304347,False
MACAE,2024-08-26,6.29,4.59,0.7297297297297297,False
MARICA,2024-08-26,5.92,4.29,0.7246621621621622,False
NILOPOLIS,2024-08-26,5.69,4.19,0.7363796133567663,False
NITEROI,2024-08-26,5.78,4.19,0.7249134948096886,False
NOVA FRIBURGO,2024-08-26,6.49,4.49,0.6918335901386748,True
NOVA IGUACU,2024-08-26,5.69,4.19,0.7363796133567663,False
PETROPOLIS,2024-08-26,6.49,5.09,0.7842835130970723,False
RIO BONITO,2024-08-26,5.84,4.24,0.726027397260274,False
RIO DE JANEIRO,2024-08-26,5.99,4.34,0.7245409015025042,False
SANTO ANTONIO DE PADUA,2024-08-26,5.96,4.4350000000000005,0.7441275167785236,False
SAO GONCALO,2024-08-26,5.89,4.34,0.736842105263158,False
SAO JOAO DE MERITI,2024-08-26,5.74,4.29,0.7473867595818815,False
SAQUAREMA,2024-08-26,5.99,4.19,0.6994991652754592,True
TRES RIOS,2024-08-26,6.59,5.09,0.7723823975720789,False
VOLTA REDONDA,2024-08-26,6.29,4.69,0.7456279809220986,False
ANGRA DOS REIS,2024-09-02,6.49,5.04,0.7765793528505393,False
ARARUAMA,2024-09-02,6.17,4.39,0.7115072933549432,False
BARRA MANSA,2024-09-02,6.1850000000000005,4.59,0.7421180274858528,False
BELFORD ROXO,2024-09-02,5.775,4.19,0.7255411255411256,False
CABO FRIO,2024-09-02,6.324999999999999,4.58,0.7241106719367589,False
CAMPOS DOS GOYTACAZES,2024-09-02,6.485,4.74,0.730917501927525,False
DUQUE DE CAXIAS,2024-09-02,5.87,4.29,0.7308347529812607,False
ITABORAI,2024-09-02,5.89,4.285,0.7275042444821732,False
ITAPERUNA,2024-09-02,6.44,4.55,0.7065217391304347,False
MACAE,2024-09-02,6.29,4.59,0.7297297297297297,False
MARICA,2024-09-02,5.92,4.29,0.7246621621621622,False
NILOPOLIS,2024-09-02,5.69,4.19,0.7363796133567663,False
NITEROI,2024-09-02,5.69,4.19,0.7363796133567663,False
NOVA FRIBURGO,2024-09-02,6.485,4.48,0.6908249807247494,True
NOVA IGUACU,2024-09-02,5.69,4.19,0.7363796133567663,False
PETROPOLIS,2024-09-02,6.49,5.09,0.7842835130970723,False
RIO BONITO,2024-09-02,5.84,4.24,0.726027397260274,False
RIO DE JANEIRO,2024-09-02,5.99,4.39,0.7328881469115192,False
SANTO ANTONIO DE PADUA,2024-09-02,5.96,4.4350000000000005,0.7441275167785236,False
SAO GONCALO,2024-09-02,5.89,4.39,0.7453310696095077,False
SAO JOAO DE MERITI,2024-09-02,5.74,4.29,0.7473867595818815,False
SAQUAREMA,2024-09-02,5.99,4.19,0.6994991652754592,True
TRES RIOS,2024-09-02,6.69,5.19,0.7757847533632287,False
VOLTA REDONDA,2024-09-02,6.19,4.69,0.7576736672051696,False
ANGRA DOS REIS,2024-09-09,6.49,5.04,0.7765793528505393,False
ARARUAMA,2024-09-09,6.17,4.39,0.7115072933549432,False
BARRA MANSA,2024-09-09,6.1850000000000005,4.62,0.7469684721099433,False
BELFORD ROXO,2024-09-09,5.775,4.19,0.7255411255411256,False
CABO FRIO,2024-09-09,6.38,4.63,0.725705329153605,False
CAMPOS DOS GOYTACAZES,2024-09-09,6.485,4.74,0.730917501927525,False
DUQUE DE CAXIAS,2024-09-09,5.87,4.19,0.7137989778534923,False
ITABORAI,2024-09-09,5.89,4.285,0.7275042444821732,False
ITAPERUNA,2024-09-09,6.44,4.55,0.7065217391304347,False
MACAE,2024-09-09,6.29,4.59,0.7297297297297297,False
MARICA,2024-09-09,5.99,4.29,0.7161936560934892,False
NILOPOLIS,2024-09-09,5.69,4.19,0.7363796133567663,False
NITEROI,2024-09-09,5.69,4.19,0.7363796133567663,False
NOVA FRIBURGO,2024-09-09,6.48,4.48,0.6913580246913581,True
NOVA IGUACU,2024-09-09,5.73,4.19,0.731239092495637,False
PETROPOLIS,2024-09-09,6.49,5.09,0.7842835130970723,False
RIO BONITO,2024-09-09,5.84,4.24,0.726027397260274,False
RIO DE JANEIRO,2024-09-09,5.9399999999999995,4.29,0.7222222222222223,False
SANTO ANTONIO DE PADUA,2024-09-09,5.96,4.4350000000000005,0.7441275167785236,False
SAO GONCALO,2024-09-09,5.89,4.4399999999999995,0.7538200339558574,False
SAO JOAO DE MERITI,2024-09-09,5.74,4.29,0.7473867595818815,False
SAQUAREMA,2024-09-09,5.99,4.19,0.6994991652754592,True
TRES RIOS,2024-09-09,6.640000000000001,5.09,0.7665662650602408,False
VOLTA REDONDA,2024-09-09,6.19,4.69,0.7576736672051696,False
ANGRA DOS REIS,2024-09-16,6.49,4.890000000000001,0.75346687211094,False
ARARUAMA,2024-09-16,6.17,4.39,0.7115072933549432,False
BARRA MANSA,2024-09-16,6.175000000000001,4.59,0.74331983805668,False
BELFORD ROXO,2024-09-16,5.775,4.19,0.7255411255411256,False
CABO FRIO,2024-09-16,6.38,4.63,0.725705329153605,False
CAMPOS DOS GOYTACAZES,2024-09-16,6.485,4.74,0.730917501927525,False
DUQUE DE CAXIAS,2024-09-16,5.79,4.29,0.7409326424870466,False
ITABORAI,2024-09-16,5.81,4.19,0.7211703958691912,False
ITAPERUNA,2024-09-16,6.44,4.55,0.7065217391304347,False
MACAE,2024-09-16,6.29,4.59,0.7297297297297297,False
MARICA,2024-09-16,5.92,4.29,0.7246621621621622,False
NILOPOLIS,2024-09-16,5.69,4.19,0.7363796133567663,False
NITEROI,2024-09-16,5.69,4.19,0.7363796133567663,False
NOVA FRIBURGO,2024-09-16,6.49,4.485,0.6910631741140216,True
NOVA IGUACU,2024-09-16,5.73,4.19,0.731239092495637,False
PETROPOLIS,2024-09-16,6.49,5.09,0.7842835130970723,False
RIO BONITO,2024-09-16,5.89,4.29,0.7283531409168083,False
RIO DE JANEIRO,2024-09-16,5.89,4.29,0.7283531409168083,False
SANTO ANTONIO DE PADUA,2024-09-16,5.96,4.4350000000000005,0.7441275167785236,False
SAO GONCALO,2024-09-16,5.84,4.39,0.7517123287671232,False
SAO JOAO DE MERITI,2024-09-16,5.74,4.29,0.7473867595818815,False
SAQUAREMA,2024-09-16,5.98,4.29,0.717391304347826,False
TRES RIOS,2024-09-16,6.640000000000001,5.09,0.7665662650602408,False
VOLTA REDONDA,2024-09-16,6.19,4.69,0.7576736672051696,False
ANGRA DOS REIS,2024-09-23,6.49,4.965,0.7650231124807395,False
ARARUAMA,2024-09-23,6.17,4.39,0.7115072933549432,False
BARRA MANSA,2024-09-23,6.17,4.59,0.7439222042139384,False
BELFORD ROXO,2024-09-23,5.775,4.19,0.7255411255411256,False
CABO FRIO,2024-09-23,6.345,4.575,0.7210401891252955,False
CAMPOS DOS GOYTACAZES,2024-09-23,6.485,4.69,0.7232074016962221,False
DUQUE DE CAXIAS,2024-09-23,5.79,4.19,0.7236614853195165,False
ITABORAI,2024-09-23,5.79,4.19,0.7236614853195165,False
ITAPERUNA,2024-09-23,6.44,4.55,0.7065217391304347,False
MACAE,2024-09-23,6.29,4.58,0.7281399046104928,False
MARICA,2024-09-23,6.09,4.29,0.7044334975369458,False
NILOPOLIS,2024-09-23,5.69,4.19,0.7363796133567663,False
NITEROI,2024-09-23,5.69,4.09,0.7188049209138839,False
NOVA FRIBURGO,2024-09-23,6.49,4.485,0.6910631741140216,True
NOVA IGUACU,2024-09-23,5.720000000000001,4.210000000000001,0.736013986013986,False
PETROPOLIS,2024-09-23,6.49,5.09,0.7842835130970723,False
RIO BONITO,2024-09-23,5.74,4.1850000000000005,0.7290940766550523,False
RIO DE JANEIRO,2024-09-23,5.89,4.29,0.7283531409168083,False
SANTO ANTONIO DE PADUA,2024-09-23,5.96,4.4350000000000005,0.7441275167785236,False
SAO GONCALO,2024-09-23,5.915,4.39,0.7421808960270498,False
SAO JOAO DE MERITI,2024-09-23,5.74,4.29,0.7473867595818815,False
SAQUAREMA,2024-09-23,5.98,4.29,0.717391304347826,False
TRES RIOS,2024-09-23,6.640000000000001,5.09,0.7665662650602408,False
VOLTA REDONDA,2024-09-23,6.19,4.69,0.7576736672051696,False
ANGRA DOS REIS,2024-09-30,6.49,4.955,0.763482280431433,False
ARARUAMA,2024-09-30,6.17,4.39,0.7115072933549432,False
BARRA MANSA,2024-09-30,6.1850000000000005,4.59,0.7421180274858528,False
BELFORD ROXO,2024-09-30,5.775,4.19,0.7255411255411256,False
CABO FRIO,2024-09-30,6.35,4.535,0.7141732283464568,False
CAMPOS DOS GOYTACAZES,2024-09-30,6.465,4.715,0.7293116782675947,False
DUQUE DE CAXIAS,2024-09-30,5.69,4.19,0.7363796133567663,False
ITABORAI,2024-09-30,5.79,4.13,0.7132987910189983,False
ITAPERUNA,2024-09-30,6.44,4.54,0.7049689440993788,False
MACAE,2024-09-30,6.29,4.59,0.7297297297297297,False
MARICA,2024-09-30,5.99,4.29,0.7161936560934892,False
NILOPOLIS,2024-09-30,5.69,4.19,0.7363796133567663,False
NITEROI,2024-09-30,5.69,4.09,0.7188049209138839,False
NOVA FRIBURGO,2024-09-30,6.49,4.485,0.6910631741140216,True
NOVA IGUACU,2024-09-30,5.73,4.13,0.7207678883071552,False
PETROPOLIS,2024-09-30,6.49,5.09,0.7842835130970723,False
RIO BONITO,2024-09-30,5.89,4.29,0.7283531409168083,False
RIO DE JANEIRO,2024-09-30,5.92,4.29,0.7246621621621622,False
SANTO ANTONIO DE PADUA,2024-09-30,5.96,4.4350000000000005,0.7441275167785236,False
SAO GONCALO,2024-09-30,5.69,4.19,0.7363796133567663,False
SAO JOAO DE MERITI,2024-09-30,5.74,4.17,0.7264808362369337,False
SAQUAREMA,2024-09-30,5.98,4.29,0.717391304347826,False
TRES RIOS,2024-09-30,6.59,5.09,0.7723823975720789,False
VOLTA REDONDA,2024-09-30,6.19,4.69,0.7576736672051696,False
ANGRA DOS REIS,2024-10-07,6.49,4.88,0.7519260400616332,False
ARARUAMA,2024-10-07,6.140000000000001,4.39,0.7149837133550487,False
BARRA MANSA,2024-10-07,6.17,4.59,0.7439222042139384,False
BELFORD ROXO,2024-10-07,5.725,4.19,0.731877729257642,False
CABO FRIO,2024-10-07,6.29,4.58,0.7281399046104928,False
CAMPOS DOS GOYTACAZES,2024-10-07,6.465,4.69,0.7254447022428462,False
DUQUE DE CAXIAS,2024-10-07,5.69,4.19,0.7363796133567663,False
ITABORAI,2024-10-07,5.79,4.17,0.7202072538860104,False
ITAPERUNA,2024-10-07,6.39,4.369999999999999,0.6838810641627542,True
MACAE,2024-10-07,6.29,4.59,0.7297297297297297,False
MARICA,2024-10-07,5.915,4.29,0.7252747252747253,False
NILOPOLIS,2024-10-07,5.69,4.19,0.7363796133567663,False
NITEROI,2024-10-07,5.74,4.09,0.7125435540069686,False
NOVA FRIBURGO,2024-10-07,6.49,4.485,0.6910631741140216,True
NOVA IGUACU,2024-10-07,5.69,4.19,0.7363796133567663,False
PETROPOLIS,2024-10-07,6.49,5.09,0.7842835130970723,False
RIO BONITO,2024-10-07,5.89,4.29,0.7283531409168083,False
RIO DE JANEIRO,2024-10-07,5.99,4.29,0.7161936560934892,False
SANTO ANTONIO DE PADUA,2024-10-07,5.96,4.365,0.7323825503355705,False
SAO GONCALO,2024-10-07,5.84,4.19,0.7174657534246576,False
SAO JOAO DE MERITI,2024-10-07,5.74,4.17,0.7264808362369337,False
SAQUAREMA,2024-10-07,5.99,4.29,0.7161936560934892,False
TRES RIOS,2024-10-07,6.59,5.09,0.7723823975720789,False
VOLTA REDONDA,2024-10-07,6.19,4.69,0.7576736672051696,False
ANGRA DOS REIS,2024-10-14,6.49,4.965,0.7650231124807395,False
ARARUAMA,2024-10-14,6.140000000000001,4.39,0.7149837133550487,False
BARRA MANSA,2024-10-14,6.17,4.59,0.7439222042139384,False
BELFORD ROXO,2024-10-14,5.725,4.19,0.731877729257642,False
CABO FRIO,2024-10-14,6.29,4.58,0.7281399046104928,False
DUQUE DE CAXIAS,2024-10-14,5.79,4.23,0.7305699481865285,False
ITABORAI,2024-10-14,5.79,4.17,0.7202072538860104,False
ITAPERUNA,2024-10-14,6.39,4.369999999999999,0.6838810641627542,True
MARICA,2024-10-14,5.915,4.29,0.7252747252747253,False
NILOPOLIS,2024-10-14,5.69,4.19,0.7363796133567663,False
NITEROI,2024-10-14,5.69,4.09,0.7188049209138839,False
NOVA FRIBURGO,2024-10-14,6.49,4.485,0.6910631741140216,True
NOVA IGUACU,2024-10-14,5.73,4.19,0.731239092495637,False
PETROPOLIS,2024-10-14,6.49,5.09,0.7842835130970723,False
RIO BONITO,2024-10-14,5.885,4.385,0.7451146983857264,False
RIO DE JANEIRO,2024-10-14,5.89,4.29,0.7283531409168083,False
SANTO ANTONIO DE PADUA,2024-10-14,5.96,4.4350000000000005,0.7441275167785236,False
SAO GONCALO,2024-10-14,5.84,4.19,0.7174657534246576,False
SAO JOAO DE MERITI,2024-10-14,5.74,4.19,0.7299651567944251,False
SAQUAREMA,2024-10-14,5.99,4.29,0.7161936560934892,False
TRES RIOS,2024-10-14,6.640000000000001,5.09,0.7665662650602408,False
VOLTA REDONDA,2024-10-14,6.19,4.6850000000000005,0.7568659127625202,False
ANGRA DOS REIS,2024-10-21,6.49,4.965,0.7650231124807395,False
ARARUAMA,2024-10-21,6.09,4.29,0.7044334975369458,False
BARRA MANSA,2024-10-21,6.19,4.59,0.7415185783521808,False
BELFORD ROXO,2024-10-21,5.725,4.19,0.731877729257642,False
CABO FRIO,2024-10-21,6.27,4.535,0.7232854864433812,False
CAMPOS DOS GOYTACAZES,2024-10-21,6.49,4.69,0.7226502311248074,False
DUQUE DE CAXIAS,2024-10-21,5.79,4.19,0.7236614853195165,False
ITABORAI,2024-10-21,5.89,4.19,0.7113752122241087,False
ITAPERUNA,2024-10-21,6.39,4.365,0.6830985915492959,True
MACAE,2024-10-21,6.29,4.65,0.739268680445151,False
MARICA,2024-10-21,5.915,4.29,0.7252747252747253,False
NILOPOLIS,2024-10-21,5.69,4.19,0.7363796133567663,False
NITEROI,2024-10-21,5.69,4.18,0.734622144112478,False
NOVA FRIBURGO,2024-10-21,6.49,4.485,0.6910631741140216,True
NOVA IGUACU,2024-10-21,5.73,4.18,0.7294938917975566,False
PETROPOLIS,2024-10-21,6.49,5.09,0.7842835130970723,False
RIO BONITO,2024-10-21,5.79,4.215,0.7279792746113989,False
RIO DE JANEIRO,2024-10-21,5.89,4.29,0.7283531409168083,False
SANTO ANTONIO DE PADUA,2024-10-21,5.96,4.4350000000000005,0.7441275167785236,False
SAO GONCALO,2024-10-21,5.69,4.09,0.7188049209138839,False
SAO JOAO DE MERITI,2024-10-21,5.74,4.19,0.7299651567944251,False
SAQUAREMA,2024-10-21,6.19,4.54,0.7334410339256866,False
TRES RIOS,2024-10-21,6.69,5.19,0.7757847533632287,False
VOLTA REDONDA,2024-10-21,6.19,4.69,0.7576736672051696,False
ANGRA DOS REIS,2024-10-28,6.49,4.87,0.7503852080123267,False
ARARUAMA,2024-10-28,6.19,4.39,0.7092084006462035,False
BARRA MANSA,2024-10-28,6.09,4.59,0.7536945812807881,False
BELFORD ROXO,2024-10-28,5.725,4.19,0.731877729257642,False
CABO FRIO,2024-10-28,6.29,4.58,0.7281399046104928,False
CAMPOS DOS GOYTACAZES,2024-10-28,6.49,4.69,0.7226502311248074,False
DUQUE DE CAXIAS,2024-10-28,5.87,4.19,0.7137989778534923,False
ITABORAI,2024-10-28,5.81,4.19,0.7211703958691912,False
ITAPERUNA,2024-10-28,6.39,4.35,0.6807511737089201,True
MACAE,2024-10-28,6.29,4.65,0.739268680445151,False
MARICA,2024-10-28,5.915,4.29,0.7252747252747253,False
NILOPOLIS,2024-10-28,5.69,4.19,0.7363796133567663,False
NITEROI,2024-10-28,5.69,4.140000000000001,0.7275922671353252,False
NOVA FRIBURGO,2024-10-28,6.49,4.485,0.6910631741140216,True
NOVA IGUACU,2024-10-28,5.779999999999999,4.19,0.7249134948096887,False
PETROPOLIS,2024-10-28,6.49,5.09,0.7842835130970723,False
RIO BONITO,2024-10-28,5.74,4.09,0.7125435540069686,False
RIO DE JANEIRO,2024-10-28,5.89,4.29,0.7283531409168083,False
SANTO ANTONIO DE PADUA,2024-10-28,5.96,4.4350000000000005,0.7441275167785236,False
SAO GONCALO,2024-10-28,5.84,4.39,0.7517123287671232,False
SAO JOAO DE MERITI,2024-10-28,5.765000000000001,4.18,0.7250650477016477,False
SAQUAREMA,2024-10-28,5.99,4.39,0.7328881469115192,False
TRES RIOS,2024-10-28,6.59,5.09,0.7723823975720789,False
VOLTA REDONDA,2024-10-28,6.19,4.6850000000000005,0.7568659127625202,False
ANGRA DOS REIS,2024-11-04,6.49,4.79,0.7380585516178736,False
ARARUAMA,2024-11-04,6.19,4.39,0.7092084006462035,False
BARRA MANSA,2024-11-04,6.19,4.59,0.7415185783521808,False
BELFORD ROXO,2024-11-04,5.79,4.19,0.7236614853195165,False
CABO FRIO,2024-11-04,6.29,4.58,0.7281399046104928,False
CAMPOS DOS GOYTACAZES,2024-11-04,6.49,4.69,0.7226502311248074,False
DUQUE DE CAXIAS,2024-11-04,5.84,4.19,0.7174657534246576,False
ITABORAI,2024-11-04,5.81,4.19,0.7211703958691912,False
ITAPERUNA,2024-11-04,6.39,4.345,0.6799687010954617,True
MACAE,2024-11-04,6.29,4.65,0.739268680445151,False
MARICA,2024-11-04,5.99,4.29,0.7161936560934892,False
NILOPOLIS,2024-11-04,5.69,4.19,0.7363796133567663,False
NITEROI,2024-11-04,5.69,4.19,0.7363796133567663,False
NOVA FRIBURGO,2024-11-04,6.49,4.49,0.6918335901386748,True
NOVA IGUACU,2024-11-04,5.775,4.1850000000000005,0.7246753246753247,False
PETROPOLIS,2024-11-04,6.49,5.09,0.7842835130970723,False
RIO BONITO,2024-11-04,5.79,4.225,0.7297063903281519,False
RIO DE JANEIRO,2024-11-04,5.945,4.29,0.72161480235492,False
SANTO ANTONIO DE PADUA,2024-11-04,5.96,4.4350000000000005,0.7441275167785236,False
SAO GONCALO,2024-11-04,5.84,4.39,0.7517123287671232,False
SAO JOAO DE MERITI,2024-11-04,5.765000000000001,4.18,0.7250650477016477,False
SAQUAREMA,2024-11-04,6.19,4.59,0.7415185783521808,False
TRES RIOS,2024-11-04,6.69,5.140000000000001,0.7683109118086697,False
VOLTA REDONDA,2024-11-04,6.19,4.69,0.7576736672051696,False
ANGRA DOS REIS,2024-11-11,6.49,4.79,0.7380585516178736,False
ARARUAMA,2024-11-11,6.19,4.39,0.7092084006462035,False
BARRA MANSA,2024-11-11,6.09,4.59,0.7536945812807881,False
BELFORD ROXO,2024-11-11,5.84,4.39,0.7517123287671232,False
CABO FRIO,2024-11-11,6.29,4.58,0.7281399046104928,False
CAMPOS DOS GOYTACAZES,2024-11-11,6.44,4.74,0.7360248447204969,False
ITABORAI,2024-11-11,5.85,4.27,0.7299145299145299,False
ITAPERUNA,2024-11-11,6.39,4.35,0.6807511737089201,True
MACAE,2024-11-11,6.29,4.65,0.739268680445151,False
MARICA,2024-11-11,5.99,4.29,0.7161936560934892,False
NILOPOLIS,2024-11-11,5.79,4.19,0.7236614853195165,False
NITEROI,2024-11-11,5.78,4.19,0.7249134948096886,False
NOVA FRIBURGO,2024-11-11,6.49,4.49,0.6918335901386748,True
NOVA IGUACU,2024-11-11,5.775,4.1850000000000005,0.7246753246753247,False
PETROPOLIS,2024-11-11,6.49,5.09,0.7842835130970723,False
RIO BONITO,2024-11-11,5.78,4.225,0.7309688581314878,False
RIO DE JANEIRO,2024-11-11,5.99,4.39,0.7328881469115192,False
SANTO ANTONIO DE PADUA,2024-11-11,5.975,4.39,0.7347280334728034,False
SAO GONCALO,2024-11-11,5.89,4.39,0.7453310696095077,False
SAO JOAO DE MERITI,2024-11-11,5.765000000000001,4.23,0.7337380745880312,False
SAQUAREMA,2024-11-11,6.19,4.54,0.7334410339256866,False
TRES RIOS,2024-11-11,6.640000000000001,5.140000000000001,0.7740963855421686,False
VOLTA REDONDA,2024-11-11,6.19,4.69,0.7576736672051696,False
ANGRA DOS REIS,2024-11-18,6.49,4.83,0.7442218798151001,False
ARARUAMA,2024-11-18,6.19,4.39,0.7092084006462035,False
BARRA MANSA,2024-11-18,6.140000000000001,4.59,0.7475570032573289,False
BELFORD ROXO,2024-11-18,5.79,4.39,0.7582037996545768,False
CABO FRIO,2024-11-18,6.29,4.58,0.7281399046104928,False
CAMPOS DOS GOYTACAZES,2024-11-18,6.44,4.74,0.7360248447204969,False
DUQUE DE CAXIAS,2024-11-18,5.74,4.24,0.7386759581881533,False
ITABORAI,2024-11-18,5.85,4.34,0.7418803418803419,False
ITAPERUNA,2024-11-18,6.39,4.369999999999999,0.6838810641627542,True
MACAE,2024-11-18,6.29,4.58,0.7281399046104928,False
MARICA,2024-11-18,5.99,4.29,0.7161936560934892,False
NILOPOLIS,2024-11-18,5.79,4.19,0.7236614853195165,False
NITEROI,2024-11-18,5.79,4.24,0.7322970639032815,False
NOVA FRIBURGO,2024-11-18,6.49,4.49,0.6918335901386748,True
NOVA IGUACU,2024-11-18,5.779999999999999,4.24,0.7335640138408306,False
PETROPOLIS,2024-11-18,6.49,5.09,0.7842835130970723,False
RIO BONITO,2024-11-18,5.79,4.36,0.7530224525043179,False
RIO DE JANEIRO,2024-11-18,5.94,4.38,0.7373737373737373,False
SANTO ANTONIO DE PADUA,2024-11-18,5.96,4.4350000000000005,0.7441275167785236,False
SAO GONCALO,2024-11-18,5.84,4.39,0.7517123287671232,False
SAO JOAO DE MERITI,2024-11-18,5.89,4.27,0.7249575551782682,False
SAQUAREMA,2024-11-18,6.19,4.54,0.7334410339256866,False
TRES RIOS,2024-11-18,6.640000000000001,5.09,0.7665662650602408,False
VOLTA REDONDA,2024-11-18,6.19,4.68,0.7560581583198707,False
ANGRA DOS REIS,2024-11-25,6.49,4.890000000000001,0.75346687211094,False
ARARUAMA,2024-11-25,6.19,4.39,0.7092084006462035,False
BARRA MANSA,2024-11-25,6.140000000000001,4.59,0.7475570032573289,False
CABO FRIO,2024-11-25,6.39,4.68,0.7323943661971831,False
CAMPOS DOS GOYTACAZES,2024-11-25,6.465,4.74,0.7331786542923434,False
DUQUE DE CAXIAS,2024-11-25,5.84,4.19,0.7174657534246576,False
ITABORAI,2024-11-25,5.88,4.32,0.7346938775510204,False
ITAPERUNA,2024-11-25,6.39,4.369999999999999,0.6838810641627542,True
MACAE,2024-11-25,6.39,4.67,0.730829420970266,False
MARICA,2024-11-25,5.99,4.29,0.7161936560934892,False
NITEROI,2024-11-25,5.79,4.19,0.7236614853195165,False
NOVA FRIBURGO,2024-11-25,6.49,4.49,0.6918335901386748,True
NOVA IGUACU,2024-11-25,5.765,4.24,0.735472679965308,False
PETROPOLIS,2024-11-25,6.49,5.09,0.7842835130970723,False
RIO BONITO,2024-11-25,5.79,4.24,0.7322970639032815,False
RIO DE JANEIRO,2024-11-25,5.99,4.39,0.7328881469115192,False
SANTO ANTONIO DE PADUA,2024-11-25,5.96,4.4350000000000005,0.7441275167785236,False
SAO GONCALO,2024-11-25,5.89,4.29,0.7283531409168083,False
SAO JOAO DE MERITI,2024-11-25,5.8149999999999995,4.23,0.7274290627687018,False
SAQUAREMA,2024-11-25,6.19,4.54,0.7334410339256866,False
TRES RIOS,2024-11-25,6.69,5.140000000000001,0.7683109118086697,False
VOLTA REDONDA,2024-11-25,6.19,4.69,0.7576736672051696,False
ANGRA DOS REIS,2024-12-02,6.49,4.890000000000001,0.75346687211094,False
ARARUAMA,2024-12-02,6.19,4.39,0.7092084006462035,False
BARRA MANSA,2024-12-02,6.140000000000001,4.59,0.7475570032573289,False
BELFORD ROXO,2024-12-02,5.79,4.39,0.7582037996545768,False
CABO FRIO,2024-12-02,6.39,4.68,0.7323943661971831,False
CAMPOS DOS GOYTACAZES,2024-12-02,6.44,4.74,0.7360248447204969,False
ITABORAI,2024-12-02,5.88,4.39,0.7465986394557823,False
ITAPERUNA,2024-12-02,6.39,4.35,0.6807511737089201,True
MACAE,2024-12-02,6.39,4.65,0.727699530516432,False
MARICA,2024-12-02,5.99,4.29,0.7161936560934892,False
NILOPOLIS,2024-12-02,5.675,4.19,0.7383259911894274,False
NITEROI,2024-12-02,5.69,4.17,0.7328646748681897,False
NOVA FRIBURGO,2024-12-02,6.49,4.49,0.6918335901386748,True
NOVA IGUACU,2024-12-02,5.805,4.29,0.7390180878552972,False
RIO BONITO,2024-12-02,5.89,4.39,0.7453310696095077,False
RIO DE JANEIRO,2024-12-02,5.99,4.39,0.7328881469115192,False
SANTO ANTONIO DE PADUA,2024-12-02,5.96,4.4350000000000005,0.7441275167785236,False
SAO GONCALO,2024-12-02,5.890000000000001,4.59,0.7792869269949065,False
SAO JOAO DE MERITI,2024-12-02,5.89,4.27,0.7249575551782682,False
SAQUAREMA,2024-12-02,6.19,4.54,0.7334410339256866,False
TRES RIOS,2024-12-02,6.59,5.09,0.7723823975720789,False
VOLTA REDONDA,2024-12-02,6.09,4.59,0.7536945812807881,False
ANGRA DOS REIS,2024-12-09,6.49,4.87,0.7503852080123267,False
BARRA MANSA,2024-12-09,6.140000000000001,4.54,0.7394136807817588,False
BELFORD ROXO,2024-12-09,5.79,4.39,0.7582037996545768,False
CABO FRIO,2024-12-09,6.39,4.68,0.7323943661971831,False
CAMPOS DOS GOYTACAZES,2024-12-09,6.44,4.74,0.7360248447204969,False
DUQUE DE CAXIAS,2024-12-09,5.79,4.28,0.7392055267702936,False
ITABORAI,2024-12-09,5.89,4.39,0.7453310696095077,False
ITAPERUNA,2024-12-09,6.39,4.35,0.6807511737089201,True
MACAE,2024-12-09,6.29,4.65,0.739268680445151,False
MARICA,2024-12-09,5.99,4.36,0.7278797996661102,False
NILOPOLIS,2024-12-09,5.675,4.19,0.7383259911894274,False
NITEROI,2024-12-09,5.7,4.19,0.7350877192982457,False
NOVA FRIBURGO,2024-12-09,6.49,4.49,0.6918335901386748,True
NOVA IGUACU,2024-12-09,5.835,4.29,0.7352185089974294,False
PETROPOLIS,2024-12-09,6.49,5.09,0.7842835130970723,False
RIO BONITO,2024-12-09,5.79,4.39,0.7582037996545768,False
RIO DE JANEIRO,2024-12-09,5.99,4.39,0.7328881469115192,False
SANTO ANTONIO DE PADUA,2024-12-09,5.96,4.4350000000000005,0.7441275167785236,False
SAO GONCALO,2024-12-09,5.79,4.39,0.7582037996545768,False
SAO JOAO DE MERITI,2024-12-09,5.84,4.279999999999999,0.732876712328767,False
SAQUAREMA,2024-12-09,6.19,4.59,0.7415185783521808,False
VOLTA REDONDA,2024-12-09,6.19,4.69,0.7576736672051696,False
ANGRA DOS REIS,2024-12-16,6.49,4.890000000000001,0.75346687211094,False
ARARUAMA,2024-12-16,6.19,4.39,0.7092084006462035,False
BARRA MANSA,2024-12-16,6.09,4.59,0.7536945812807881,False
BELFORD ROXO,2024-12-16,5.79,4.39,0.7582037996545768,False
CABO FRIO,2024-12-16,6.39,4.68,0.7323943661971831,False
CAMPOS DOS GOYTACAZES,2024-12-16,6.44,4.74,0.7360248447204969,False
DUQUE DE CAXIAS,2024-12-16,5.74,4.19,0.7299651567944251,False
ITABORAI,2024-12-16,5.88,4.39,0.7465986394557823,False
ITAPERUNA,2024-12-16,6.39,4.35,0.6807511737089201,True
MACAE,2024-12-16,6.29,4.65,0.739268680445151,False
MARICA,2024-12-16,5.99,4.36,0.7278797996661102,False
NITEROI,2024-12-16,5.79,4.19,0.7236614853195165,False
NOVA FRIBURGO,2024-12-16,6.49,4.49,0.6918335901386748,True
NOVA IGUACU,2024-12-16,5.835,4.29,0.7352185089974294,False
PETROPOLIS,2024-12-16,6.49,5.09,0.7842835130970723,False
RIO BONITO,2024-12-16,5.89,4.39,0.7453310696095077,False
RIO DE JANEIRO,2024-12-16,5.99,4.39,0.7328881469115192,False
SANTO ANTONIO DE PADUA,2024-12-16,5.96,4.4350000000000005,0.7441275167785236,False
SAO GONCALO,2024-12-16,5.79,4.34,0.7495682210708117,False
SAO JOAO DE MERITI,2024-12-16,5.84,4.29,0.7345890410958904,False
SAQUAREMA,2024-12-16,6.19,4.47,0.7221324717285944,False
TRES RIOS,2024-12-16,6.59,5.09,0.7723823975720789,False
VOLTA REDONDA,2024-12-16,6.19,4.69,0.7576736672051696,False
ANGRA DOS REIS,2024-12-23,6.49,4.93,0.7596302003081663,False
ARARUAMA,2024-12-23,6.19,4.49,0.7253634894991923,False
BARRA MANSA,2024-12-23,6.09,4.59,0.7536945812807881,False
BELFORD ROXO,2024-12-23,5.79,4.39,0.7582037996545768,False
CABO FRIO,2024-12-23,6.39,4.68,0.7323943661971831,False
CAMPOS DOS GOYTACAZES,2024-12-23,6.49,4.765000000000001,0.7342064714946072,False
DUQUE DE CAXIAS,2024-12-23,5.76,4.24,0.7361111111111112,False
ITABORAI,2024-12-23,5.89,4.39,0.7453310696095077,False
ITAPERUNA,2024-12-23,6.39,4.35,0.6807511737089201,True
MACAE,2024-12-23,6.39,4.65,0.727699530516432,False
MARICA,2024-12-23,5.99,4.36,0.7278797996661102,False
NILOPOLIS,2024-12-23,5.675,4.24,0.7471365638766521,False
NITEROI,2024-12-23,5.79,4.19,0.7236614853195165,False
NOVA FRIBURGO,2024-12-23,6.49,4.49,0.6918335901386748,True
NOVA IGUACU,2024-12-23,5.835,4.29,0.7352185089974294,False
PETROPOLIS,2024-12-23,6.49,5.09,0.7842835130970723,False
RIO BONITO,2024-12-23,5.89,4.39,0.7453310696095077,False
RIO DE JANEIRO,2024-12-23,5.99,4.475,0.7470784641068446,False
SANTO ANTONIO DE PADUA,2024-12-23,5.96,4.4350000000000005,0.7441275167785236,False
SAO GONCALO,2024-12-23,5.79,4.44,0.766839378238342,False
SAO JOAO DE MERITI,2024-12-23,5.84,4.33,0.7414383561643836,False
SAQUAREMA,2024-12-23,6.19,4.47,0.7221324717285944,False
TRES RIOS,2024-12-23,6.640000000000001,5.09,0.7665662650602408,False
VOLTA REDONDA,2024-12-23,6.19,4.69,0.7576736672051696,False
ANGRA DOS REIS,2024-12-30,6.49,4.97,0.7657935285053928,False
ARARUAMA,2024-12-30,6.19,4.49,0.7253634894991923,False
BARRA MANSA,2024-12-30,6.09,4.59,0.7536945812807881,False
BELFORD ROXO,2024-12-30,5.79,4.39,0.7582037996545768,False
CABO FRIO,2024-12-30,6.39,4.68,0.7323943661971831,False
CAMPOS DOS GOYTACAZES,2024-12-30,6.44,4.74,0.7360248447204969,False
DUQUE DE CAXIAS,2024-12-30,5.890000000000001,4.390000000000001,0.7453310696095077,False
ITABORAI,2024-12-30,5.88,4.39,0.7465986394557823,False
ITAPERUNA,2024-12-30,6.55,4.54,0.6931297709923664,True
MACAE,2024-12-30,6.39,4.65,0.727699530516432,False
MARICA,2024-12-30,5.99,4.36,0.7278797996661102,False
NILOPOLIS,2024-12-30,5.675,4.24,0.7471365638766521,False
NITEROI,2024-12-30,5.79,4.19,0.7236614853195165,False
NOVA FRIBURGO,2024-12-30,6.49,4.49,0.6918335901386748,True
NOVA IGUACU,2024-12-30,5.859999999999999,4.33,0.7389078498293516,False
PETROPOLIS,2024-12-30,6.49,5.09,0.7842835130970723,False
RIO BONITO,2024-12-30,6.02,4.45,0.7392026578073091,False
RIO DE JANEIRO,2024-12-30,5.99,4.43,0.7395659432387311,False
SANTO ANTONIO DE PADUA,2024-12-30,5.96,4.505,0.7558724832214765,False
SAO GONCALO,2024-12-30,5.94,4.49,0.7558922558922558,False
SAO JOAO DE MERITI,2024-12-30,5.84,4.33,0.7414383561643836,False
SAQUAREMA,2024-12-30,6.19,4.57,0.7382875605815832,False
TRES RIOS,2024-12-30,6.69,5.140000000000001,0.7683109118086697,False
VOLTA REDONDA,2024-12-30,6.19,4.69,0.7576736672051696,False
ANGRA DOS REIS,2025-01-06,6.49,4.97,0.7657935285053928,False
ARARUAMA,2025-01-06,6.19,4.49,0.7253634894991923,False
BARRA MANSA,2025-01-06,6.09,4.59,0.7536945812807881,False
BELFORD ROXO,2025-01-06,5.79,4.39,0.7582037996545768,False
CABO FRIO,2025-01-06,6.485,4.9350000000000005,0.7609868928296069,False
CAMPOS DOS GOYTACAZES,2025-01-06,6.54,4.94,0.7553516819571866,False
DUQUE DE CAXIAS,2025-01-06,5.79,4.29,0.7409326424870466,False
ITABORAI,2025-01-06,5.97,4.39,0.7353433835845896,False
ITAPERUNA,2025-01-06,6.54,4.54,0.6941896024464832,True
MACAE,2025-01-06,6.29,4.65,0.739268680445151,False
MARICA,2025-01-06,5.99,4.36,0.7278797996661102,False
NILOPOLIS,2025-01-06,5.77,4.29,0.7435008665511266,False
NITEROI,2025-01-06,5.79,4.19,0.7236614853195165,False
NOVA FRIBURGO,2025-01-06,6.49,4.49,0.6918335901386748,True
NOVA IGUACU,2025-01-06,5.859999999999999,4.33,0.7389078498293516,False
PETROPOLIS,2025-01-06,6.49,5.09,0.7842835130970723,False
RIO BONITO,2025-01-06,6.02,4.45,0.7392026578073091,False
RIO DE JANEIRO,2025-01-06,5.99,4.49,0.7495826377295493,False
SANTO ANTONIO DE PADUA,2025-01-06,5.99,4.585,0.7654424040066777,False
SAO GONCALO,2025-01-06,5.79,4.4399999999999995,0.7668393782383419,False
SAO JOAO DE MERITI,2025-01-06,5.84,4.33,0.7414383561643836,False
SAQUAREMA,2025-01-06,6.19,4.57,0.7382875605815832,False
TRES RIOS,2025-01-06,6.640000000000001,5.09,0.7665662650602408,False
VOLTA REDONDA,2025-01-06,6.19,4.69,0.7576736672051696,False
ANGRA DOS REIS,2025-01-13,6.49,4.97,0.7657935285053928,False
BARRA MANSA,2025-01-13,6.140000000000001,4.59,0.7475570032573289,False
BELFORD ROXO,2025-01-13,5.89,4.49,0.7623089983022072,False
CABO FRIO,2025-01-13,6.485,4.9350000000000005,0.7609868928296069,False
CAMPOS DOS GOYTACAZES,2025-01-13,6.54,4.94,0.7553516819571866,False
DUQUE DE CAXIAS,2025-01-13,5.87,4.38,0.746166950596252,False
ITABORAI,2025-01-13,5.93,4.4350000000000005,0.7478920741989883,False
ITAPERUNA,2025-01-13,6.34,4.49,0.7082018927444795,False
MACAE,2025-01-13,6.29,4.59,0.7297297297297297,False
MARICA,2025-01-13,5.99,4.36,0.7278797996661102,False
NILOPOLIS,2025-01-13,5.77,4.29,0.7435008665511266,False
NITEROI,2025-01-13,5.79,4.19,0.7236614853195165,False
NOVA FRIBURGO,2025-01-13,6.49,4.54,0.699537750385208,True
NOVA IGUACU,2025-01-13,5.835,4.38,0.7506426735218509,False
PETROPOLIS,2025-01-13,6.49,5.09,0.7842835130970723,False
RIO BONITO,2025-01-13,5.99,4.42,0.7378964941569282,False
RIO DE JANEIRO,2025-01-13,5.99,4.49,0.7495826377295493,False
SANTO ANTONIO DE PADUA,2025-01-13,6.09,4.69,0.7701149425287357,False
SAO GONCALO,2025-01-13,5.79,4.34,0.7495682210708117,False
SAO JOAO DE MERITI,2025-01-13,5.84,4.37,0.7482876712328768,False
SAQUAREMA,2025-01-13,6.19,4.59,0.7415185783521808,False
TRES RIOS,2025-01-13,6.640000000000001,5.09,0.7665662650602408,False
VOLTA REDONDA,2025-01-13,6.19,4.69,0.7576736672051696,False
ANGRA DOS REIS,2025-01-20,6.49,4.9399999999999995,0.761171032357473,False
ARARUAMA,2025-01-20,6.29,4.59,0.7297297297297297,False
BARRA MANSA,2025-01-20,6.19,4.59,0.7415185783521808,False
BELFORD ROXO,2025-01-20,5.89,4.49,0.7623089983022072,False
CABO FRIO,2025-01-20,6.49,4.99,0.7688751926040062,False
CAMPOS DOS GOYTACAZES,2025-01-20,6.5649999999999995,4.94,0.7524752475247526,False
DUQUE DE CAXIAS,2025-01-20,5.83,4.39,0.7530017152658661,False
ITABORAI,2025-01-20,5.89,4.4399999999999995,0.7538200339558574,False
ITAPERUNA,2025-01-20,6.34,4.49,0.7082018927444795,False
MACAE,2025-01-20,6.29,4.69,0.7456279809220986,False
MARICA,2025-01-20,5.99,4.36,0.7278797996661102,False
NILOPOLIS,2025-01-20,5.77,4.29,0.7435008665511266,False
NITEROI,2025-01-20,5.79,4.26,0.7357512953367875,False
NOVA FRIBURGO,2025-01-20,6.49,4.54,0.699537750385208,True
NOVA IGUACU,2025-01-20,5.859999999999999,4.395,0.75,False
PETROPOLIS,2025-01-20,6.49,5.09,0.7842835130970723,False
RIO BONITO,2025-01-20,5.99,4.5,0.7512520868113522,False
RIO DE JANEIRO,2025-01-20,5.99,4.49,0.7495826377295493,False
SANTO ANTONIO DE PADUA,2025-01-20,6.09,4.69,0.7701149425287357,False
SAO GONCALO,2025-01-20,5.985,4.39,0.733500417710944,False
SAO JOAO DE MERITI,2025-01-20,5.84,4.43,0.7585616438356164,False
SAQUAREMA,2025-01-20,6.19,4.59,0.7415185783521808,False
TRES RIOS,2025-01-20,6.640000000000001,5.09,0.7665662650602408,False
VOLTA REDONDA,2025-01-20,6.19,4.69,0.7576736672051696,False
ANGRA DOS REIS,2025-01-27,6.49,4.99,0.7688751926040062,False
ARARUAMA,2025-01-27,6.29,4.59,0.7297297297297297,False
BARRA MANSA,2025-01-27,6.19,4.59,0.7415185783521808,False
BELFORD ROXO,2025-01-27,5.89,4.59,0.7792869269949066,False
CABO FRIO,2025-01-27,6.49,4.99,0.7688751926040062,False
CAMPOS DOS GOYTACAZES,2025-01-27,6.54,4.94,0.7553516819571866,False
DUQUE DE CAXIAS,2025-01-27,5.83,4.42,0.758147512864494,False
ITABORAI,2025-01-27,5.93,4.49,0.7571669477234402,False
ITAPERUNA,2025-01-27,6.369999999999999,4.54,0.7127158555729985,False
MACAE,2025-01-27,6.29,4.79,0.7615262321144675,False
MARICA,2025-01-27,5.99,4.51,0.7529215358931552,False
NILOPOLIS,2025-01-27,5.779999999999999,4.39,0.759515570934256,False
NITEROI,2025-01-27,5.79,4.27,0.7374784110535405,False
NOVA FRIBURGO,2025-01-27,6.49,4.54,0.699537750385208,True
NOVA IGUACU,2025-01-27,5.859999999999999,4.48,0.7645051194539251,False
PETROPOLIS,2025-01-27,6.49,5.09,0.7842835130970723,False
RIO BONITO,2025-01-27,5.96,4.39,0.7365771812080536,False
RIO DE JANEIRO,2025-01-27,5.99,4.59,0.7662771285475792,False
SANTO ANTONIO DE PADUA,2025-01-27,6.09,4.79,0.7865353037766831,False
SAO GONCALO,2025-01-27,5.94,4.4399999999999995,0.7474747474747473,False
SAO JOAO DE MERITI,2025-01-27,5.84,4.47,0.7654109589041096,False
SAQUAREMA,2025-01-27,6.09,4.69,0.7701149425287357,False
TRES RIOS,2025-01-27,6.69,5.19,0.7757847533632287,False
VOLTA REDONDA,2025-01-27,6.19,4.74,0.7657512116316639,False
ANGRA DOS REIS,2025-02-03,6.640000000000001,5.09,0.7665662650602408,False
ARARUAMA,2025-02-03,6.39,4.640000000000001,0.726134585289515,False
BARRA DO PIRAI,2025-02-03,6.59,4.88,0.7405159332321699,False
BARRA MANSA,2025-02-03,6.19,4.79,0.7738287560581583,False
BELFORD ROXO,2025-02-03,5.99,4.59,0.7662771285475792,False
CABO FRIO,2025-02-03,6.54,4.99,0.7629969418960245,False
CAMPOS DOS GOYTACAZES,2025-02-03,6.64,5.04,0.7590361445783133,False
DUQUE DE CAXIAS,2025-02-03,5.93,4.5,0.7588532883642496,False
ITABORAI,2025-02-03,5.99,4.59,0.7662771285475792,False
ITAPERUNA,2025-02-03,6.63,4.79,0.722473604826546,False
MACAE,2025-02-03,6.45,4.98,0.772093023255814,False
MARICA,2025-02-03,6.09,4.51,0.7405582922824302,False
NILOPOLIS,2025-02-03,5.89,4.4399999999999995,0.7538200339558574,False
NITEROI,2025-02-03,5.89,4.39,0.7453310696095077,False
NOVA FRIBURGO,2025-02-03,6.49,4.54,0.699537750385208,True
NOVA IGUACU,2025-02-03,5.96,4.49,0.7533557046979866,False
PETROPOLIS,2025-02-03,6.49,5.09,0.7842835130970723,False
RIO BONITO,2025-02-03,6.11,4.49,0.734860883797054,False
RIO DE JANEIRO,2025-02-03,6.145,4.59,0.7469487388120424,False
SANTO ANTONIO DE PADUA,2025-02-03,6.19,4.79,0.7738287560581583,False
SAO GONCALO,2025-02-03,5.94,4.54,0.7643097643097643,False
SAO JOAO DE MERITI,2025-02-03,5.945,4.53,0.7619848612279226,False
SAQUAREMA,2025-02-03,6.39,4.67,0.730829420970266,False
TRES RIOS,2025-02-03,6.69,5.29,0.7907324364723467,False
VALENCA,2025-02-03,6.34,4.92,0.77602523659306,False
VOLTA REDONDA,2025-02-03,6.29,4.79,0.7615262321144675,False
ANGRA DOS REIS,2025-02-10,6.69,5.09,0.7608370702541105,False
ARARUAMA,2025-02-10,6.39,4.69,0.7339593114241002,False
BARRA DO PIRAI,2025-02-10,6.785,5.13,0.7560795873249816,False
BARRA MANSA,2025-02-10,6.29,4.79,0.7615262321144675,False
BELFORD ROXO,2025-02-10,5.99,4.59,0.7662771285475792,False
CABO FRIO,2025-02-10,6.59,4.99,0.7572078907435509,False
CAMPOS DOS GOYTACAZES,2025-02-10,6.64,5.04,0.7590361445783133,False
DUQUE DE CAXIAS,2025-02-10,5.99,4.52,0.7545909849749581,False
ITABORAI,2025-02-10,5.99,4.59,0.7662771285475792,False
ITAPERUNA,2025-02-10,6.59,4.79,0.7268588770864947,False
MACAE,2025-02-10,6.45,4.985,0.7728682170542636,False
MARICA,2025-02-10,6.09,4.51,0.7405582922824302,False
NILOPOLIS,2025-02-10,5.89,4.49,0.7623089983022072,False
NITEROI,2025-02-10,5.89,4.34,0.736842105263158,False
NOVA FRIBURGO,2025-02-10,6.69,4.69,0.7010463378176383,False
NOVA IGUACU,2025-02-10,6.05,4.55,0.7520661157024793,False
PETROPOLIS,2025-02-10,6.49,5.09,0.7842835130970723,False
RIO BONITO,2025-02-10,6.16,4.57,0.7418831168831169,False
RIO DE JANEIRO,2025-02-10,6.19,4.59,0.7415185783521808,False
SANTO ANTONIO DE PADUA,2025-02-10,6.19,4.79,0.7738287560581583,False
SAO GONCALO,2025-02-10,5.79,4.34,0.7495682210708117,False
SAO JOAO DE MERITI,2025-02-10,5.89,4.59,0.7792869269949066,False
SAQUAREMA,2025-02-10,6.39,4.77,0.7464788732394366,False
TRES RIOS,2025-02-10,6.79,5.39,0.7938144329896907,False
VALENCA,2025-02-10,6.34,4.92,0.77602523659306,False
VOLTA REDONDA,2025-02-10,6.39,4.85,0.758998435054773,False
ANGRA DOS REIS,2025-02-17,6.69,5.140000000000001,0.7683109118086697,False
ARARUAMA,2025-02-17,6.39,4.69,0.7339593114241002,False
BARRA DO PIRAI,2025-02-17,6.785,5.13,0.7560795873249816,False
BARRA MANSA,2025-02-17,6.19,4.640000000000001,0.7495961227786754,False
BELFORD ROXO,2025-02-17,5.99,4.59,0.7662771285475792,False
CABO FRIO,2025-02-17,6.59,4.99,0.7572078907435509,False
CAMPOS DOS GOYTACAZES,2025-02-17,6.615,4.965,0.7505668934240363,False
ITABORAI,2025-02-17,5.99,4.59,0.7662771285475792,False
ITAPERUNA,2025-02-17,6.59,4.79,0.7268588770864947,False
MACAE,2025-02-17,6.45,4.99,0.7736434108527132,False
MARICA,2025-02-17,6.140000000000001,4.51,0.7345276872964168,False
NILOPOLIS,2025-02-17,5.89,4.49,0.7623089983022072,False
NITEROI,2025-02-17,5.89,4.34,0.736842105263158,False
NOVA FRIBURGO,2025-02-17,6.69,4.74,0.7085201793721972,False
NOVA IGUACU,2025-02-17,5.98,4.54,0.7591973244147157,False
PETROPOLIS,2025-02-17,6.49,5.09,0.7842835130970723,False
RESENDE,2025-02-17,6.09,4.6899999999999995,0.7701149425287356,False
RIO BONITO,2025-02-17,6.16,4.57,0.7418831168831169,False
RIO DE JANEIRO,2025-02-17,6.19,4.640000000000001,0.7495961227786754,False
SANTO ANTONIO DE PADUA,2025-02-17,6.19,4.79,0.7738287560581583,False
SAO GONCALO,2025-02-17,5.89,4.49,0.7623089983022072,False
SAO JOAO DE MERITI,2025-02-17,5.96,4.53,0.7600671140939598,False
SAQUAREMA,2025-02-17,6.39,4.69,0.7339593114241002,False
TRES RIOS,2025-02-17,6.79,5.39,0.7938144329896907,False
VALENCA,2025-02-17,6.09,4.75,0.7799671592775042,False
VOLTA REDONDA,2025-02-17,6.39,4.89,0.7652582159624413,False
ANGRA DOS REIS,2025-02-24,6.69,5.09,0.7608370702541105,False
ARARUAMA,2025-02-24,6.39,4.69,0.7339593114241002,False
BARRA DO PIRAI,2025-02-24,6.785,5.13,0.7560795873249816,False
BARRA MANSA,2025-02-24,6.215,4.79,0.7707160096540627,False
BELFORD ROXO,2025-02-24,6.01,4.59,0.7637271214642263,False
CABO FRIO,2025-02-24,6.59,4.99,0.7572078907435509,False
CAMPOS DOS GOYTACAZES,2025-02-24,6.59,4.89,0.7420333839150227,False
DUQUE DE CAXIAS,2025-02-24,5.99,4.64,0.7746243739565942,False
ITABORAI,2025-02-24,5.99,4.59,0.7662771285475792,False
ITAPERUNA,2025-02-24,6.59,4.74,0.7192716236722307,False
MACAE,2025-02-24,6.49,4.99,0.7688751926040062,False
MARICA,2025-02-24,6.140000000000001,4.51,0.7345276872964168,False
NILOPOLIS,2025-02-24,5.89,4.49,0.7623089983022072,False
NITEROI,2025-02-24,5.84,4.29,0.7345890410958904,False
NOVA FRIBURGO,2025-02-24,6.69,4.74,0.7085201793721972,False
NOVA IGUACU,2025-02-24,5.98,4.54,0.7591973244147157,False
PETROPOLIS,2025-02-24,6.49,5.09,0.7842835130970723,False
RESENDE,2025-02-24,6.165,4.84,0.7850770478507705,False
RIO BONITO,2025-02-24,6.16,4.57,0.7418831168831169,False
RIO DE JANEIRO,2025-02-24,6.17,4.59,0.7439222042139384,False
SANTO ANTONIO DE PADUA,2025-02-24,6.19,4.79,0.7738287560581583,False
SAO GONCALO,2025-02-24,5.89,4.49,0.7623089983022072,False
SAO JOAO DE MERITI,2025-02-24,5.985,4.54,0.758563074352548,False
SAQUAREMA,2025-02-24,6.39,4.88,0.7636932707355243,False
TRES RIOS,2025-02-24,6.79,5.34,0.7864506627393225,False
VALENCA,2025-02-24,6.09,4.75,0.7799671592775042,False
VOLTA REDONDA,2025-02-24,6.39,4.89,0.7652582159624413,False
ANGRA DOS REIS,2025-03-03,6.69,5.09,0.7608370702541105,False
ARARUAMA,2025-03-03,6.39,4.69,0.7339593114241002,False
BARRA DO PIRAI,2025-03-03,6.785,5.13,0.7560795873249816,False
BARRA MANSA,2025-03-03,6.24,4.79,0.7676282051282051,False
BELFORD ROXO,2025-03-03,6.01,4.69,0.7803660565723795,False
CABO FRIO,2025-03-03,6.59,4.99,0.7572078907435509,False
CAMPOS DOS GOYTACAZES,2025-03-03,6.57,4.89,0.7442922374429223,False
DUQUE DE CAXIAS,2025-03-03,5.99,4.59,0.7662771285475792,False
ITABORAI,2025-03-03,5.99,4.640000000000001,0.7746243739565943,False
ITAPERUNA,2025-03-03,6.59,4.69,0.7116843702579667,False
MACAE,2025-03-03,6.45,4.99,0.7736434108527132,False
MARICA,2025-03-03,6.04,4.51,0.7466887417218543,False
NILOPOLIS,2025-03-03,5.89,4.49,0.7623089983022072,False
NITEROI,2025-03-03,5.89,4.49,0.7623089983022072,False
NOVA FRIBURGO,2025-03-03,6.69,4.74,0.7085201793721972,False
NOVA IGUACU,2025-03-03,5.98,4.54,0.7591973244147157,False
PETROPOLIS,2025-03-03,6.49,5.09,0.7842835130970723,False
RESENDE,2025-03-03,6.165,4.84,0.7850770478507705,False
RIO BONITO,2025-03-03,6.16,4.57,0.7418831168831169,False
RIO DE JANEIRO,2025-03-03,6.19,4.69,0.7576736672051696,False
SANTO ANTONIO DE PADUA,2025-03-03,6.19,4.79,0.7738287560581583,False
SAO GONCALO,2025-03-03,5.99,4.5649999999999995,0.7621035058430716,False
SAO JOAO DE MERITI,2025-03-03,5.985,4.54,0.758563074352548,False
SAQUAREMA,2025-03-03,6.39,4.69,0.7339593114241002,False
TRES RIOS,2025-03-03,6.74,5.29,0.7848664688427299,False
VALENCA,2025-03-03,6.09,4.720000000000001,0.77504105090312,False
VOLTA REDONDA,2025-03-03,6.39,4.869999999999999,0.7621283255086071,False
ANGRA DOS REIS,2025-03-10,6.69,4.99,0.7458893871449925,False
ARARUAMA,2025-03-10,6.39,4.69,0.7339593114241002,False
BARRA DO PIRAI,2025-03-10,6.785,5.13,0.7560795873249816,False
BARRA MANSA,2025-03-10,6.24,4.79,0.7676282051282051,False
BELFORD ROXO,2025-03-10,6.01,4.69,0.7803660565723795,False
CABO FRIO,2025-03-10,6.59,4.99,0.7572078907435509,False
CAMPOS DOS GOYTACAZES,2025-03-10,6.58,4.89,0.7431610942249239,False
DUQUE DE CAXIAS,2025-03-10,5.99,4.59,0.7662771285475792,False
ITABORAI,2025-03-10,5.99,4.640000000000001,0.7746243739565943,False
MACAE,2025-03-10,6.45,4.99,0.7736434108527132,False
MARICA,2025-03-10,6.04,4.51,0.7466887417218543,False
NILOPOLIS,2025-03-10,5.9399999999999995,4.49,0.755892255892256,False
NITEROI,2025-03-10,5.89,4.49,0.7623089983022072,False
NOVA FRIBURGO,2025-03-10,6.69,4.74,0.7085201793721972,False
NOVA IGUACU,2025-03-10,5.98,4.54,0.7591973244147157,False
PETROPOLIS,2025-03-10,6.49,5.09,0.7842835130970723,False
RESENDE,2025-03-10,6.09,4.6899999999999995,0.7701149425287356,False
RIO BONITO,2025-03-10,6.16,4.57,0.7418831168831169,False
RIO DE JANEIRO,2025-03-10,6.19,4.69,0.7576736672051696,False
SANTO ANTONIO DE PADUA,2025-03-10,6.14,4.79,0.7801302931596091,False
SAO GONCALO,2025-03-10,5.89,4.49,0.7623089983022072,False
SAO JOAO DE MERITI,2025-03-10,5.985,4.54,0.758563074352548,False
SAQUAREMA,2025-03-10,6.39,4.69,0.7339593114241002,False
TRES RIOS,2025-03-10,6.69,5.29,0.7907324364723467,False
VALENCA,2025-03-10,6.09,4.720000000000001,0.77504105090312,False
VOLTA REDONDA,2025-03-10,6.39,4.85,0.758998435054773,False
ANGRA DOS REIS,2025-03-17,6.69,5.09,0.7608370702541105,False
ARARUAMA,2025-03-17,6.39,4.69,0.7339593114241002,False
BARRA MANSA,2025-03-17,6.24,4.79,0.7676282051282051,False
BELFORD ROXO,2025-03-17,6.01,4.69,0.7803660565723795,False
CABO FRIO,2025-03-17,6.59,4.99,0.7572078907435509,False
CAMPOS DOS GOYTACAZES,2025-03-17,6.58,4.79,0.7279635258358662,False
DUQUE DE CAXIAS,2025-03-17,5.99,4.59,0.7662771285475792,False
ITABORAI,2025-03-17,5.99,4.640000000000001,0.7746243739565943,False
ITAPERUNA,2025-03-17,6.59,4.69,0.7116843702579667,False
MACAE,2025-03-17,6.45,4.99,0.7736434108527132,False
MARICA,2025-03-17,6.04,4.49,0.7433774834437087,False
NILOPOLIS,2025-03-17,5.9399999999999995,4.49,0.755892255892256,False
NITEROI,2025-03-17,5.89,4.51,0.765704584040747,False
NOVA FRIBURGO,2025-03-17,6.69,4.69,0.7010463378176383,False
NOVA IGUACU,2025-03-17,5.98,4.58,0.765886287625418,False
PETROPOLIS,2025-03-17,6.49,5.09,0.7842835130970723,False
RESENDE,2025-03-17,6.140000000000001,4.6899999999999995,0.763843648208469,False
RIO BONITO,2025-03-17,6.16,4.57,0.7418831168831169,False
RIO DE JANEIRO,2025-03-17,6.19,4.69,0.7576736672051696,False
SANTO ANTONIO DE PADUA,2025-03-17,6.19,4.79,0.7738287560581583,False
SAO GONCALO,2025-03-17,5.99,4.5649999999999995,0.7621035058430716,False
SAO JOAO DE MERITI,2025-03-17,5.985,4.54,0.758563074352548,False
SAQUAREMA,2025-03-17,6.39,4.88,0.7636932707355243,False
TRES RIOS,2025-03-17,6.69,5.29,0.7907324364723467,False
VOLTA REDONDA,2025-03-17,6.39,4.89,0.7652582159624413,False
ANGRA DOS REIS,2025-03-24,6.69,5.25,0.7847533632286995,False
ARARUAMA,2025-03-24,6.39,4.69,0.7339593114241002,False
BARRA DO PIRAI,2025-03-24,6.785,5.13,0.7560795873249816,False
BARRA MANSA,2025-03-24,6.24,4.775,0.765224358974359,False
BELFORD ROXO,2025-03-24,5.99,4.59,0.7662771285475792,False
CABO FRIO,2025-03-24,6.59,4.99,0.7572078907435509,False
CAMPOS DOS GOYTACAZES,2025-03-24,6.57,4.74,0.7214611872146118,False
DUQUE DE CAXIAS,2025-03-24,5.97,4.59,0.7688442211055276,False
ITABORAI,2025-03-24,5.99,4.640000000000001,0.7746243739565943,False
ITAPERUNA,2025-03-24,6.59,4.69,0.7116843702579667,False
MACAE,2025-03-24,6.49,4.99,0.7688751926040062,False
MARICA,2025-03-24,6.04,4.51,0.7466887417218543,False
NILOPOLIS,2025-03-24,5.9399999999999995,4.49,0.755892255892256,False
NITEROI,2025-03-24,5.89,4.390000000000001,0.7453310696095078,False
NOVA FRIBURGO,2025-03-24,6.69,4.69,0.7010463378176383,False
NOVA IGUACU,2025-03-24,5.96,4.54,0.761744966442953,False
PETROPOLIS,2025-03-24,6.49,5.09,0.7842835130970723,False
RESENDE,2025-03-24,6.140000000000001,4.6899999999999995,0.763843648208469,False
RIO BONITO,2025-03-24,6.16,4.57,0.7418831168831169,False
RIO DE JANEIRO,2025-03-24,6.19,4.69,0.7576736672051696,False
SANTO ANTONIO DE PADUA,2025-03-24,6.165,4.67,0.7575020275750203,False
SAO GONCALO,2025-03-24,5.87,4.49,0.7649063032367973,False
SAO JOAO DE MERITI,2025-03-24,5.99,4.57,0.7629382303839733,False
SAQUAREMA,2025-03-24,6.39,4.67,0.730829420970266,False
TRES RIOS,2025-03-24,6.74,5.29,0.7848664688427299,False
VALENCA,2025-03-24,6.24,4.75,0.7612179487179487,False
VOLTA REDONDA,2025-03-24,6.39,4.89,0.7652582159624413,False
ANGRA DOS REIS,2025-03-31,6.69,5.04,0.7533632286995515,False
ARARUAMA,2025-03-31,6.39,4.69,0.7339593114241002,False
BARRA DO PIRAI,2025-03-31,6.785,5.13,0.7560795873249816,False
BARRA MANSA,2025-03-31,6.29,4.79,0.7615262321144675,False
BELFORD ROXO,2025-03-31,5.99,4.59,0.7662771285475792,False
CABO FRIO,2025-03-31,6.59,4.99,0.7572078907435509,False
CAMPOS DOS GOYTACAZES,2025-03-31,6.57,4.74,0.7214611872146118,False
DUQUE DE CAXIAS,2025-03-31,5.97,4.59,0.7688442211055276,False
ITABORAI,2025-03-31,5.99,4.640000000000001,0.7746243739565943,False
ITAPERUNA,2025-03-31,6.59,4.69,0.7116843702579667,False
MACAE,2025-03-31,6.45,4.99,0.7736434108527132,False
MARICA,2025-03-31,6.04,4.51,0.7466887417218543,False
NILOPOLIS,2025-03-31,5.9399999999999995,4.49,0.755892255892256,False
NITEROI,2025-03-31,5.89,4.47,0.7589134125636672,False
NOVA FRIBURGO,2025-03-31,6.69,4.69,0.7010463378176383,False
NOVA IGUACU,2025-03-31,5.96,4.54,0.761744966442953,False
PETROPOLIS,2025-03-31,6.49,5.09,0.7842835130970723,False
RESENDE,2025-03-31,6.140000000000001,4.6899999999999995,0.763843648208469,False
RIO BONITO,2025-03-31,6.16,4.57,0.7418831168831169,False
RIO DE JANEIRO,2025-03-31,6.19,4.59,0.7415185783521808,False
SANTO ANTONIO DE PADUA,2025-03-31,6.165,4.67,0.7575020275750203,False
SAO GONCALO,2025-03-31,5.99,4.5649999999999995,0.7621035058430716,False
SAO JOAO DE MERITI,2025-03-31,5.99,4.57,0.7629382303839733,False
SAQUAREMA,2025-03-31,6.29,4.67,0.7424483306836248,False
TRES RIOS,2025-03-31,6.69,5.29,0.7907324364723467,False
VALENCA,2025-03-31,6.24,4.69,0.7516025641025641,False
VOLTA REDONDA,2025-03-31,6.39,4.89,0.7652582159624413,False
ANGRA DOS REIS,2025-04-07,6.695,5.140000000000001,0.7677371172516804,False
ARARUAMA,2025-04-07,6.39,4.69,0.7339593114241002,False
BARRA DO PIRAI,2025-04-07,6.785,5.13,0.7560795873249816,False
BARRA MANSA,2025-04-07,6.24,4.775,0.765224358974359,False
BELFORD ROXO,2025-04-07,5.99,4.59,0.7662771285475792,False
CABO FRIO,2025-04-07,6.59,4.99,0.7572078907435509,False
CAMPOS DOS GOYTACAZES,2025-04-07,6.555,4.74,0.7231121281464532,False
DUQUE DE CAXIAS,2025-04-07,5.96,4.54,0.761744966442953,False
ITABORAI,2025-04-07,5.99,4.59,0.7662771285475792,False
ITAPERUNA,2025-04-07,6.59,4.69,0.7116843702579667,False
MACAE,2025-04-07,6.45,4.99,0.7736434108527132,False
MARICA,2025-04-07,6.04,4.51,0.7466887417218543,False
NILOPOLIS,2025-04-07,5.9399999999999995,4.49,0.755892255892256,False
NITEROI,2025-04-07,5.89,4.47,0.7589134125636672,False
NOVA FRIBURGO,2025-04-07,6.49,4.59,0.7072419106317411,False
NOVA IGUACU,2025-04-07,5.92,4.5,0.7601351351351352,False
PETROPOLIS,2025-04-07,6.49,5.09,0.7842835130970723,False
RESENDE,2025-04-07,6.140000000000001,4.6899999999999995,0.763843648208469,False
RIO BONITO,2025-04-07,6.16,4.57,0.7418831168831169,False
RIO DE JANEIRO,2025-04-07,6.09,4.58,0.7520525451559935,False
SANTO ANTONIO DE PADUA,2025-04-07,6.165,4.645,0.7534468775344687,False
SAO GONCALO,2025-04-07,5.99,4.515000000000001,0.7537562604340569,False
SAO JOAO DE MERITI,2025-04-07,5.98,4.5,0.7525083612040133,False
SAQUAREMA,2025-04-07,6.29,4.69,0.7456279809220986,False
TRES RIOS,2025-04-07,6.69,5.29,0.7907324364723467,False
VALENCA,2025-04-07,6.24,4.69,0.7516025641025641,False
VOLTA REDONDA,2025-04-07,6.39,4.89,0.7652582159624413,False
ANGRA DOS REIS,2025-04-14,6.695,5.220000000000001,0.7796863330843914,False
ARARUAMA,2025-04-14,6.39,4.69,0.7339593114241002,False
BARRA DO PIRAI,2025-04-14,6.785,5.13,0.7560795873249816,False
BARRA MANSA,2025-04-14,6.275,4.79,0.7633466135458167,False
BELFORD ROXO,2025-04-14,5.99,4.59,0.7662771285475792,False
CABO FRIO,2025-04-14,6.59,4.99,0.7572078907435509,False
CAMPOS DOS GOYTACAZES,2025-04-14,6.515000000000001,4.69,0.7198772064466615,False
DUQUE DE CAXIAS,2025-04-14,5.97,4.54,0.7604690117252931,False
ITABORAI,2025-04-14,5.99,4.59,0.7662771285475792,False
ITAPERUNA,2025-04-14,6.535,4.69,0.7176740627390972,False
MACAE,2025-04-14,6.45,4.99,0.7736434108527132,False
MARICA,2025-04-14,5.890000000000001,4.29,0.7283531409168081,False
NILOPOLIS,2025-04-14,5.9399999999999995,4.49,0.755892255892256,False
NITEROI,2025-04-14,5.89,4.29,0.7283531409168083,False
NOVA FRIBURGO,2025-04-14,6.49,4.59,0.7072419106317411,False
NOVA IGUACU,2025-04-14,5.93,4.58,0.7723440134907251,False
PETROPOLIS,2025-04-14,6.49,5.09,0.7842835130970723,False
RESENDE,2025-04-14,5.915,4.54,0.7675401521555367,False
RIO BONITO,2025-04-14,6.16,4.57,0.7418831168831169,False
RIO DE JANEIRO,2025-04-14,6.19,4.59,0.7415185783521808,False
SANTO ANTONIO DE PADUA,2025-04-14,6.165,4.5649999999999995,0.7404703974047039,False
SAO GONCALO,2025-04-14,5.87,4.49,0.7649063032367973,False
SAO JOAO DE MERITI,2025-04-14,6.005,4.48,0.7460449625312241,False
SAQUAREMA,2025-04-14,6.29,4.67,0.7424483306836248,False
TRES RIOS,2025-04-14,6.69,5.29,0.7907324364723467,False
VALENCA,2025-04-14,6.24,4.69,0.7516025641025641,False
VOLTA REDONDA,2025-04-14,6.39,4.89,0.7652582159624413,False
ANGRA DOS REIS,2025-04-21,6.69,5.25,0.7847533632286995,False
ARARUAMA,2025-04-21,6.39,4.69,0.7339593114241002,False
BARRA MANSA,2025-04-21,6.275,4.79,0.7633466135458167,False
BELFORD ROXO,2025-04-21,5.99,4.59,0.7662771285475792,False
CABO FRIO,2025-04-21,6.59,4.99,0.7572078907435509,False
CAMPOS DOS GOYTACAZES,2025-04-21,6.59,4.67,0.708649468892261,False
DUQUE DE CAXIAS,2025-04-21,5.97,4.53,0.7587939698492463,False
ITABORAI,2025-04-21,5.99,4.59,0.7662771285475792,False
ITAPERUNA,2025-04-21,6.49,4.69,0.7226502311248074,False
MACAE,2025-04-21,6.45,4.99,0.7736434108527132,False
MARICA,2025-04-21,5.890000000000001,4.29,0.7283531409168081,False
NILOPOLIS,2025-04-21,5.9399999999999995,4.49,0.755892255892256,False
NITEROI,2025-04-21,5.89,4.29,0.7283531409168083,False
NOVA FRIBURGO,2025-04-21,6.49,4.39,0.6764252696456086,True
NOVA IGUACU,2025-04-21,5.93,4.53,0.7639123102866779,False
PETROPOLIS,2025-04-21,5.99,4.59,0.7662771285475792,False
RESENDE,2025-04-21,5.9399999999999995,4.54,0.7643097643097644,False
RIO BONITO,2025-04-21,6.16,4.57,0.7418831168831169,False
RIO DE JANEIRO,2025-04-21,6.19,4.59,0.7415185783521808,False
SANTO ANTONIO DE PADUA,2025-04-21,6.165,4.585,0.7437145174371451,False
SAO GONCALO,2025-04-21,5.87,4.49,0.7649063032367973,False
SAO JOAO DE MERITI,2025-04-21,6.005,4.48,0.7460449625312241,False
SAQUAREMA,2025-04-21,6.29,4.69,0.7456279809220986,False
TRES RIOS,2025-04-21,6.34,4.99,0.7870662460567824,False
VOLTA REDONDA,2025-04-21,6.39,4.89,0.7652582159624413,False
ANGRA DOS REIS,2025-04-28,6.695,5.19,0.7752053771471248,False
ARARUAMA,2025-04-28,6.39,4.69,0.7339593114241002,False
BARRA DO PIRAI,2025-04-28,6.785,5.13,0.7560795873249816,False
BARRA MANSA,2025-04-28,6.25,4.69,0.7504000000000001,False
BELFORD ROXO,2025-04-28,5.99,4.59,0.7662771285475792,False
CABO FRIO,2025-04-28,6.59,4.99,0.7572078907435509,False
CAMPOS DOS GOYTACAZES,2025-04-28,6.515000000000001,4.69,0.7198772064466615,False
DUQUE DE CAXIAS,2025-04-28,5.99,4.59,0.7662771285475792,False
ITABORAI,2025-04-28,5.99,4.59,0.7662771285475792,False
ITAPERUNA,2025-04-28,6.49,4.69,0.7226502311248074,False
MACAE,2025-04-28,6.45,4.99,0.7736434108527132,False
MARICA,2025-04-28,6.13,4.47,0.729200652528548,False
NILOPOLIS,2025-04-28,5.9399999999999995,4.375,0.7365319865319866,False
NITEROI,2025-04-28,5.89,4.29,0.7283531409168083,False
NOVA FRIBURGO,2025-04-28,6.49,4.39,0.6764252696456086,True
NOVA IGUACU,2025-04-28,5.93,4.49,0.7571669477234402,False
PETROPOLIS,2025-04-28,6.49,5.09,0.7842835130970723,False
RESENDE,2025-04-28,5.89,4.54,0.7707979626485569,False
RIO BONITO,2025-04-28,6.12,4.57,0.7467320261437909,False
RIO DE JANEIRO,2025-04-28,6.19,4.58,0.739903069466882,False
SANTO ANTONIO DE PADUA,2025-04-28,6.165,4.585,0.7437145174371451,False
SAO GONCALO,2025-04-28,5.99,4.49,0.7495826377295493,False
SAO JOAO DE MERITI,2025-04-28,5.98,4.47,0.7474916387959866,False
SAQUAREMA,2025-04-28,6.29,4.69,0.7456279809220986,False
TRES RIOS,2025-04-28,6.74,5.29,0.7848664688427299,False
VALENCA,2025-04-28,6.24,4.69,0.7516025641025641,False
VOLTA REDONDA,2025-04-28,6.39,4.89,0.7652582159624413,False
ANGRA DOS REIS,2025-05-05,6.69,5.25,0.7847533632286995,False
ARARUAMA,2025-05-05,6.39,4.69,0.7339593114241002,False
BARRA DO PIRAI,2025-05-05,6.785,5.13,0.7560795873249816,False
BARRA MANSA,2025-05-05,6.225,4.775,0.7670682730923696,False
BELFORD ROXO,2025-05-05,5.99,4.59,0.7662771285475792,False
CABO FRIO,2025-05-05,6.59,4.99,0.7572078907435509,False
CAMPOS DOS GOYTACAZES,2025-05-05,6.515000000000001,4.69,0.7198772064466615,False
DUQUE DE CAXIAS,2025-05-05,5.99,4.59,0.7662771285475792,False
ITABORAI,2025-05-05,5.99,4.54,0.7579298831385642,False
ITAPERUNA,2025-05-05,6.49,4.69,0.7226502311248074,False
MACAE,2025-05-05,6.45,4.99,0.7736434108527132,False
MARICA,2025-05-05,5.890000000000001,4.29,0.7283531409168081,False
NILOPOLIS,2025-05-05,5.9399999999999995,4.37,0.7356902356902357,False
NITEROI,2025-05-05,5.89,4.390000000000001,0.7453310696095078,False
NOVA FRIBURGO,2025-05-05,6.49,4.4399999999999995,0.6841294298921416,True
NOVA IGUACU,2025-05-05,5.93,4.49,0.7571669477234402,False
PETROPOLIS,2025-05-05,6.49,5.09,0.7842835130970723,False
RESENDE,2025-05-05,5.99,4.640000000000001,0.7746243739565943,False
RIO BONITO,2025-05-05,6.12,4.57,0.7467320261437909,False
RIO DE JANEIRO,2025-05-05,6.09,4.59,0.7536945812807881,False
SANTO ANTONIO DE PADUA,2025-05-05,6.165,4.585,0.7437145174371451,False
SAO GONCALO,2025-05-05,5.99,4.415,0.7370617696160267,False
SAO JOAO DE MERITI,2025-05-05,5.98,4.47,0.7474916387959866,False
SAQUAREMA,2025-05-05,6.39,4.67,0.730829420970266,False
TRES RIOS,2025-05-05,6.74,5.34,0.7922848664688427,False
VALENCA,2025-05-05,6.39,4.79,0.7496087636932708,False
VOLTA REDONDA,2025-05-05,6.39,4.89,0.7652582159624413,False
ANGRA DOS REIS,2025-05-12,6.69,5.25,0.7847533632286995,False
ARARUAMA,2025-05-12,6.39,4.69,0.7339593114241002,False
BARRA DO PIRAI,2025-05-12,6.785,5.125,0.7553426676492262,False
BARRA MANSA,2025-05-12,6.225,4.79,0.7694779116465864,False
BELFORD ROXO,2025-05-12,5.99,4.59,0.7662771285475792,False
CABO FRIO,2025-05-12,6.59,4.99,0.7572078907435509,False
CAMPOS DOS GOYTACAZES,2025-05-12,6.49,4.69,0.7226502311248074,False
ITABORAI,2025-05-12,5.99,4.49,0.7495826377295493,False
ITAPERUNA,2025-05-12,6.49,4.69,0.7226502311248074,False
MACAE,2025-05-12,6.45,4.99,0.7736434108527132,False
MARICA,2025-05-12,5.890000000000001,4.29,0.7283531409168081,False
NILOPOLIS,2025-05-12,5.9399999999999995,4.375,0.7365319865319866,False
NITEROI,2025-05-12,5.89,4.39,0.7453310696095077,False
NOVA FRIBURGO,2025-05-12,6.49,4.4399999999999995,0.6841294298921416,True
NOVA IGUACU,2025-05-12,5.89,4.48,0.7606112054329373,False
PETROPOLIS,2025-05-12,6.49,5.09,0.7842835130970723,False
RESENDE,2025-05-12,5.99,4.68,0.7813021702838062,False
RIO BONITO,2025-05-12,6.12,4.57,0.7467320261437909,False
RIO DE JANEIRO,2025-05-12,6.09,4.49,0.7372742200328408,False
SANTO ANTONIO DE PADUA,2025-05-12,6.165,4.535,0.7356042173560422,False
SAO GONCALO,2025-05-12,5.87,4.34,0.7393526405451447,False
SAO JOAO DE MERITI,2025-05-12,5.9399999999999995,4.53,0.7626262626262628,False
SAQUAREMA,2025-05-12,6.39,4.67,0.730829420970266,False
TRES RIOS,2025-05-12,6.74,5.29,0.7848664688427299,False
VALENCA,2025-05-12,6.24,4.69,0.7516025641025641,False
VOLTA REDONDA,2025-05-12,6.39,4.869999999999999,0.7621283255086071,False
ANGRA DOS REIS,2025-05-19,6.69,5.17,0.772795216741405,False
ARARUAMA,2025-05-19,6.39,4.69,0.7339593114241002,False
BARRA MANSA,2025-05-19,6.225,4.79,0.7694779116465864,False
BELFORD ROXO,2025-05-19,5.99,4.59,0.7662771285475792,False
CABO FRIO,2025-05-19,6.59,4.99,0.7572078907435509,False
CAMPOS DOS GOYTACAZES,2025-05-19,6.49,4.69,0.7226502311248074,False
DUQUE DE CAXIAS,2025-05-19,5.89,4.39,0.7453310696095077,False
ITABORAI,2025-05-19,5.99,4.49,0.7495826377295493,False
ITAPERUNA,2025-05-19,6.49,4.69,0.7226502311248074,False
MACAE,2025-05-19,6.45,4.99,0.7736434108527132,False
MARICA,2025-05-19,5.99,4.29,0.7161936560934892,False
NILOPOLIS,2025-05-19,5.9399999999999995,4.375,0.7365319865319866,False
NITEROI,2025-05-19,5.89,4.39,0.7453310696095077,False
NOVA FRIBURGO,2025-05-19,6.39,4.34,0.6791862284820032,True
NOVA IGUACU,2025-05-19,5.93,4.465,0.7529510961214165,False
PETROPOLIS,2025-05-19,6.49,5.09,0.7842835130970723,False
RESENDE,2025-05-19,5.99,4.68,0.7813021702838062,False
RIO BONITO,2025-05-19,5.88,4.57,0.7772108843537415,False
RIO DE JANEIRO,2025-05-19,5.99,4.49,0.7495826377295493,False
SANTO ANTONIO DE PADUA,2025-05-19,6.165,4.535,0.7356042173560422,False
SAO GONCALO,2025-05-19,5.99,4.4399999999999995,0.7412353923205341,False
SAO JOAO DE MERITI,2025-05-19,5.9399999999999995,4.53,0.7626262626262628,False
SAQUAREMA,2025-05-19,6.29,4.63,0.7360890302066773,False
TRES RIOS,2025-05-19,6.74,5.34,0.7922848664688427,False
VOLTA REDONDA,2025-05-19,6.39,4.89,0.7652582159624413,False
ANGRA DOS REIS,2025-05-26,6.69,5.04,0.7533632286995515,False
ARARUAMA,2025-05-26,6.39,4.69,0.7339593114241002,False
BARRA MANSA,2025-05-26,6.225,4.79,0.7694779116465864,False
BELFORD ROXO,2025-05-26,5.99,4.59,0.7662771285475792,False
CABO FRIO,2025-05-26,6.59,4.99,0.7572078907435509,False
CAMPOS DOS GOYTACAZES,2025-05-26,6.49,4.69,0.7226502311248074,False
DUQUE DE CAXIAS,2025-05-26,5.74,4.49,0.7822299651567944,False
ITABORAI,2025-05-26,5.99,4.4399999999999995,0.7412353923205341,False
ITAPERUNA,2025-05-26,6.49,4.69,0.7226502311248074,False
MACAE,2025-05-26,6.45,4.99,0.7736434108527132,False
MARICA,2025-05-26,5.890000000000001,4.34,0.7368421052631579,False
NILOPOLIS,2025-05-26,5.9399999999999995,4.38,0.7373737373737375,False
NITEROI,2025-05-26,5.79,4.34,0.7495682210708117,False
NOVA FRIBURGO,2025-05-26,6.49,4.39,0.6764252696456086,True
NOVA IGUACU,2025-05-26,5.93,4.465,0.7529510961214165,False
PETROPOLIS,2025-05-26,6.49,5.09,0.7842835130970723,False
RESENDE,2025-05-26,5.99,4.68,0.7813021702838062,False
RIO BONITO,2025-05-26,5.88,4.57,0.7772108843537415,False
RIO DE JANEIRO,2025-05-26,5.99,4.49,0.7495826377295493,False
SANTO ANTONIO DE PADUA,2025-05-26,6.165,4.535,0.7356042173560422,False
SAO GONCALO,2025-05-26,5.99,4.34,0.7245409015025042,False
SAO JOAO DE MERITI,2025-05-26,5.9399999999999995,4.53,0.7626262626262628,False
SAQUAREMA,2025-05-26,6.29,4.59,0.7297297297297297,False
TRES RIOS,2025-05-26,6.79,5.34,0.7864506627393225,False
VALENCA,2025-05-26,6.39,4.79,0.7496087636932708,False
VOLTA REDONDA,2025-05-26,6.39,4.835,0.7566510172143975,False
ANGRA DOS REIS,2025-06-02,6.69,5.04,0.7533632286995515,False
ARARUAMA,2025-06-02,6.39,4.69,0.7339593114241002,False
BARRA DO PIRAI,2025-06-02,6.785,5.02,0.7398673544583639,False
BARRA MANSA,2025-06-02,6.225,4.74,0.7614457831325302,False
BELFORD ROXO,2025-06-02,5.99,4.59,0.7662771285475792,False
CABO FRIO,2025-06-02,6.59,4.99,0.7572078907435509,False
CAMPOS DOS GOYTACAZES,2025-06-02,6.49,4.69,0.7226502311248074,False
DUQUE DE CAXIAS,2025-06-02,5.97,4.47,0.7487437185929648,False
ITABORAI,2025-06-02,5.99,4.4399999999999995,0.7412353923205341,False
ITAPERUNA,2025-06-02,6.49,4.69,0.7226502311248074,False
MACAE,2025-06-02,6.470000000000001,4.99,0.7712519319938176,False
MARICA,2025-06-02,5.890000000000001,4.34,0.7368421052631579,False
NILOPOLIS,2025-06-02,5.89,4.38,0.7436332767402377,False
NITEROI,2025-06-02,5.84,4.39,0.7517123287671232,False
NOVA FRIBURGO,2025-06-02,6.49,4.39,0.6764252696456086,True
NOVA IGUACU,2025-06-02,5.89,4.415,0.7495755517826825,False
PETROPOLIS,2025-06-02,6.49,5.09,0.7842835130970723,False
RESENDE,2025-06-02,5.99,4.73,0.7896494156928214,False
RIO BONITO,2025-06-02,5.88,4.57,0.7772108843537415,False
RIO DE JANEIRO,2025-06-02,5.99,4.49,0.7495826377295493,False
SANTO ANTONIO DE PADUA,2025-06-02,6.165,4.535,0.7356042173560422,False
SAO GONCALO,2025-06-02,5.99,4.34,0.7245409015025042,False
SAO JOAO DE MERITI,2025-06-02,5.9399999999999995,4.47,0.7525252525252526,False
SAQUAREMA,2025-06-02,6.39,4.67,0.730829420970266,False
TRES RIOS,2025-06-02,6.69,5.29,0.7907324364723467,False
VALENCA,2025-06-02,6.67,5.09,0.7631184407796102,False
VOLTA REDONDA,2025-06-02,6.39,4.89,0.7652582159624413,False
ANGRA DOS REIS,2025-06-09,6.675000000000001,5.140000000000001,0.7700374531835206,False
ARARUAMA,2025-06-09,6.39,4.69,0.7339593114241002,False
BARRA DO PIRAI,2025-06-09,6.785,5.03,0.7413411938098747,False
BARRA MANSA,2025-06-09,6.19,4.63,0.7479806138933763,False
BELFORD ROXO,2025-06-09,5.89,4.39,0.7453310696095077,False
CABO FRIO,2025-06-09,6.49,4.99,0.7688751926040062,False
CAMPOS DOS GOYTACAZES,2025-06-09,6.39,4.49,0.702660406885759,False
DUQUE DE CAXIAS,2025-06-09,5.87,4.37,0.7444633730834753,False
ITABORAI,2025-06-09,5.99,4.4399999999999995,0.7412353923205341,False
ITAPERUNA,2025-06-09,6.49,4.69,0.7226502311248074,False
MACAE,2025-06-09,6.45,4.99,0.7736434108527132,False
MARICA,2025-06-09,5.79,4.19,0.7236614853195165,False
NILOPOLIS,2025-06-09,5.89,4.37,0.7419354838709677,False
NITEROI,2025-06-09,5.79,4.29,0.7409326424870466,False
NOVA FRIBURGO,2025-06-09,6.49,4.39,0.6764252696456086,True
NOVA IGUACU,2025-06-09,5.89,4.49,0.7623089983022072,False
PETROPOLIS,2025-06-09,6.49,5.09,0.7842835130970723,False
RESENDE,2025-06-09,5.99,4.6899999999999995,0.7829716193656092,False
RIO BONITO,2025-06-09,5.88,4.57,0.7772108843537415,False
RIO DE JANEIRO,2025-06-09,5.99,4.39,0.7328881469115192,False
SANTO ANTONIO DE PADUA,2025-06-09,6.05,4.535,0.7495867768595041,False
SAO GONCALO,2025-06-09,5.99,4.34,0.7245409015025042,False
SAO JOAO DE MERITI,2025-06-09,5.89,4.47,0.7589134125636672,False
SAQUAREMA,2025-06-09,6.39,4.67,0.730829420970266,False
TRES RIOS,2025-06-09,6.69,5.29,0.7907324364723467,False
VALENCA,2025-06-09,6.1899999999999995,4.69,0.7576736672051697,False
VOLTA REDONDA,2025-06-09,6.39,4.89,0.7652582159624413,False
ANGRA DOS REIS,2025-06-16,6.675000000000001,5.19,0.7775280898876404,False
ARARUAMA,2025-06-16,6.39,4.69,0.7339593114241002,False
BARRA DO PIRAI,2025-06-16,6.785,5.03,0.7413411938098747,False
BARRA MANSA,2025-06-16,6.19,4.63,0.7479806138933763,False
BELFORD ROXO,2025-06-16,5.89,4.39,0.7453310696095077,False
CABO FRIO,2025-06-16,6.49,4.99,0.7688751926040062,False
CAMPOS DOS GOYTACAZES,2025-06-16,6.39,4.49,0.702660406885759,False
DUQUE DE CAXIAS,2025-06-16,5.87,4.43,0.7546848381601362,False
ITABORAI,2025-06-16,5.89,4.39,0.7453310696095077,False
ITAPERUNA,2025-06-16,6.49,4.62,0.711864406779661,False
MACAE,2025-06-16,6.45,4.99,0.7736434108527132,False
MARICA,2025-06-16,5.720000000000001,4.19,0.7325174825174825,False
NILOPOLIS,2025-06-16,5.79,4.279999999999999,0.7392055267702935,False
NITEROI,2025-06-16,5.79,4.29,0.7409326424870466,False
NOVA FRIBURGO,2025-06-16,6.39,4.34,0.6791862284820032,True
NOVA IGUACU,2025-06-16,5.89,4.415,0.7495755517826825,False
PETROPOLIS,2025-06-16,6.49,5.09,0.7842835130970723,False
RESENDE,2025-06-16,5.9399999999999995,4.6899999999999995,0.7895622895622896,False
RIO BONITO,2025-06-16,5.88,4.57,0.7772108843537415,False
RIO DE JANEIRO,2025-06-16,5.95,4.39,0.7378151260504201,False
SANTO ANTONIO DE PADUA,2025-06-16,6.05,4.485,0.7413223140495868,False
SAO GONCALO,2025-06-16,5.89,4.34,0.736842105263158,False
SAO JOAO DE MERITI,2025-06-16,5.88,4.43,0.7534013605442177,False
SAQUAREMA,2025-06-16,6.29,4.67,0.7424483306836248,False
TRES RIOS,2025-06-16,6.74,5.34,0.7922848664688427,False
VALENCA,2025-06-16,6.140000000000001,4.6,0.7491856677524429,False
VOLTA REDONDA,2025-06-16,6.39,4.869999999999999,0.7621283255086071,False
ANGRA DOS REIS,2025-06-23,6.675000000000001,5.19,0.7775280898876404,False
ARARUAMA,2025-06-23,6.39,4.69,0.7339593114241002,False
BARRA DO PIRAI,2025-06-23,6.785,4.984999999999999,0.7347089167280766,False
BARRA MANSA,2025-06-23,6.175000000000001,4.59,0.74331983805668,False
BELFORD ROXO,2025-06-23,5.89,4.39,0.7453310696095077,False
CABO FRIO,2025-06-23,6.49,4.9350000000000005,0.7604006163328197,False
ITABORAI,2025-06-23,5.89,4.34,0.736842105263158,False
ITAPERUNA,2025-06-23,6.49,4.59,0.7072419106317411,False
MARICA,2025-06-23,5.77,4.19,0.7261698440207973,False
NILOPOLIS,2025-06-23,5.79,4.279999999999999,0.7392055267702935,False
NITEROI,2025-06-23,5.79,4.29,0.7409326424870466,False
NOVA FRIBURGO,2025-06-23,6.49,4.39,0.6764252696456086,True
NOVA IGUACU,2025-06-23,5.9399999999999995,4.385,0.7382154882154882,False
PETROPOLIS,2025-06-23,6.49,5.09,0.7842835130970723,False
RESENDE,2025-06-23,5.9399999999999995,4.6899999999999995,0.7895622895622896,False
RIO BONITO,2025-06-23,5.88,4.39,0.7465986394557823,False
RIO DE JANEIRO,2025-06-23,5.97,4.39,0.7353433835845896,False
SANTO ANTONIO DE PADUA,2025-06-23,6.05,4.46,0.7371900826446282,False
SAO GONCALO,2025-06-23,5.89,4.39,0.7453310696095077,False
SAO JOAO DE MERITI,2025-06-23,5.88,4.39,0.7465986394557823,False
SAQUAREMA,2025-06-23,6.29,4.67,0.7424483306836248,False
TRES RIOS,2025-06-23,6.79,5.39,0.7938144329896907,False
VALENCA,2025-06-23,6.140000000000001,4.6,0.7491856677524429,False
VOLTA REDONDA,2025-06-23,6.39,4.869999999999999,0.7621283255086071,False
ANGRA DOS REIS,2025-06-30,6.69,4.99,0.7458893871449925,False
ARARUAMA,2025-06-30,6.39,4.69,0.7339593114241002,False
BARRA DO PIRAI,2025-06-30,6.785,5.08,0.7487103905674282,False
BARRA MANSA,2025-06-30,6.19,4.59,0.7415185783521808,False
BELFORD ROXO,2025-06-30,5.89,4.39,0.7453310696095077,False
CABO FRIO,2025-06-30,6.49,4.89,0.7534668721109399,False
CAMPOS DOS GOYTACAZES,2025-06-30,6.39,4.49,0.702660406885759,False
ITABORAI,2025-06-30,5.89,4.34,0.736842105263158,False
ITAPERUNA,2025-06-30,6.49,4.58,0.7057010785824345,False
MACAE,2025-06-30,6.45,4.99,0.7736434108527132,False
MARICA,2025-06-30,5.77,4.19,0.7261698440207973,False
NILOPOLIS,2025-06-30,5.79,4.23,0.7305699481865285,False
NITEROI,2025-06-30,5.79,4.29,0.7409326424870466,False
NOVA FRIBURGO,2025-06-30,6.49,4.39,0.6764252696456086,True
NOVA IGUACU,2025-06-30,5.89,4.34,0.736842105263158,False
PETROPOLIS,2025-06-30,6.49,5.09,0.7842835130970723,False
RESENDE,2025-06-30,5.9399999999999995,4.6899999999999995,0.7895622895622896,False
RIO BONITO,2025-06-30,5.88,4.39,0.7465986394557823,False
RIO DE JANEIRO,2025-06-30,5.89,4.29,0.7283531409168083,False
SANTO ANTONIO DE PADUA,2025-06-30,6.05,4.390000000000001,0.7256198347107439,False
SAO GONCALO,2025-06-30,5.79,4.34,0.7495682210708117,False
SAO JOAO DE MERITI,2025-06-30,5.88,4.29,0.7295918367346939,False
SAQUAREMA,2025-06-30,6.29,4.59,0.7297297297297297,False
TRES RIOS,2025-06-30,6.74,5.34,0.7922848664688427,False
VALENCA,2025-06-30,6.140000000000001,4.6,0.7491856677524429,False
VOLTA REDONDA,2025-06-30,6.39,4.869999999999999,0.7621283255086071,False
ANGRA DOS REIS,2025-07-07,6.69,5.19,0.7757847533632287,False
ARARUAMA,2025-07-07,6.39,4.69,0.7339593114241002,False
BARRA MANSA,2025-07-07,6.19,4.59,0.7415185783521808,False
BELFORD ROXO,2025-07-07,5.89,4.39,0.7453310696095077,False
CABO FRIO,2025-07-07,6.49,4.89,0.7534668721109399,False
CAMPOS DOS GOYTACAZES,2025-07-07,6.39,4.39,0.6870109546165885,True
DUQUE DE CAXIAS,2025-07-07,5.79,4.29,0.7409326424870466,False
ITABORAI,2025-07-07,5.89,4.34,0.736842105263158,False
ITAPERUNA,2025-07-07,6.49,4.585,0.7064714946070878,False
MACAE,2025-07-07,6.45,4.99,0.7736434108527132,False
MARICA,2025-07-07,5.77,4.19,0.7261698440207973,False
NILOPOLIS,2025-07-07,5.79,4.215,0.7279792746113989,False
NITEROI,2025-07-07,5.79,4.29,0.7409326424870466,False
NOVA FRIBURGO,2025-07-07,6.49,4.39,0.6764252696456086,True
NOVA IGUACU,2025-07-07,5.89,4.324999999999999,0.7342954159592529,False
PETROPOLIS,2025-07-07,6.49,5.09,0.7842835130970723,False
RESENDE,2025-07-07,5.9399999999999995,4.6899999999999995,0.7895622895622896,False
RIO BONITO,2025-07-07,5.69,4.29,0.7539543057996485,False
RIO DE JANEIRO,2025-07-07,5.99,4.39,0.7328881469115192,False
SANTO ANTONIO DE PADUA,2025-07-07,6.05,4.390000000000001,0.7256198347107439,False
SAO GONCALO,2025-07-07,5.89,4.34,0.736842105263158,False
SAO JOAO DE MERITI,2025-07-07,5.88,4.23,0.7193877551020409,False
SAQUAREMA,2025-07-07,6.39,4.59,0.7183098591549296,False
TRES RIOS,2025-07-07,6.74,5.29,0.7848664688427299,False
VOLTA REDONDA,2025-07-07,6.39,4.869999999999999,0.7621283255086071,False
ANGRA DOS REIS,2025-07-14,6.69,5.09,0.7608370702541105,False
ARARUAMA,2025-07-14,6.39,4.69,0.7339593114241002,False
BARRA MANSA,2025-07-14,6.19,4.59,0.7415185783521808,False
BELFORD ROXO,2025-07-14,5.89,4.39,0.7453310696095077,False
CABO FRIO,2025-07-14,6.42,4.89,0.7616822429906541,False
CAMPOS DOS GOYTACAZES,2025-07-14,6.365,4.39,0.6897093479968578,True
DUQUE DE CAXIAS,2025-07-14,5.87,4.275,0.7282793867120955,False
ITABORAI,2025-07-14,5.89,4.39,0.7453310696095077,False
MACAE,2025-07-14,6.470000000000001,4.99,0.7712519319938176,False
MARICA,2025-07-14,5.77,4.19,0.7261698440207973,False
NITEROI,2025-07-14,5.79,4.29,0.7409326424870466,False
NOVA FRIBURGO,2025-07-14,6.49,4.39,0.6764252696456086,True
NOVA IGUACU,2025-07-14,5.89,4.34,0.736842105263158,False
PETROPOLIS,2025-07-14,6.49,5.09,0.7842835130970723,False
RESENDE,2025-07-14,5.9399999999999995,4.6899999999999995,0.7895622895622896,False
RIO DE JANEIRO,2025-07-14,5.99,4.29,0.7161936560934892,False
SAO GONCALO,2025-07-14,5.89,4.34,0.736842105263158,False
SAO JOAO DE MERITI,2025-07-14,5.87,4.23,0.7206132879045997,False
SAQUAREMA,2025-07-14,6.29,4.59,0.7297297297297297,False
TRES RIOS,2025-07-14,6.79,5.39,0.7938144329896907,False
VOLTA REDONDA,2025-07-14,6.39,4.869999999999999,0.7621283255086071,False
ANGRA DOS REIS,2025-07-21,6.655,5.140000000000001,0.772351615326822,False
ARARUAMA,2025-07-21,6.39,4.69,0.7339593114241002,False
BARRA MANSA,2025-07-21,6.19,4.59,0.7415185783521808,False
BELFORD ROXO,2025-07-21,5.89,4.39,0.7453310696095077,False
CABO FRIO,2025-07-21,6.42,4.89,0.7616822429906541,False
DUQUE DE CAXIAS,2025-07-21,5.87,4.33,0.737649063032368,False
ITABORAI,2025-07-21,5.99,4.34,0.7245409015025042,False
MACAE,2025-07-21,6.45,4.99,0.7736434108527132,False
MARICA,2025-07-21,5.77,4.19,0.7261698440207973,False
NITEROI,2025-07-21,5.79,4.265000000000001,0.7366148531951642,False
NOVA FRIBURGO,2025-07-21,6.49,4.39,0.6764252696456086,True
NOVA IGUACU,2025-07-21,5.89,4.29,0.7283531409168083,False
PETROPOLIS,2025-07-21,6.49,5.09,0.7842835130970723,False
RESENDE,2025-07-21,5.9399999999999995,4.640000000000001,0.7811447811447813,False
RIO DE JANEIRO,2025-07-21,5.99,4.33,0.7228714524207012,False
SAO GONCALO,2025-07-21,5.89,4.34,0.736842105263158,False
SAO JOAO DE MERITI,2025-07-21,5.855,4.23,0.7224594363791631,False
SAQUAREMA,2025-07-21,6.39,4.89,0.7652582159624413,False
TRES RIOS,2025-07-21,6.69,5.29,0.7907324364723467,False
VOLTA REDONDA,2025-07-21,6.39,4.869999999999999,0.7621283255086071,False
ANGRA DOS REIS,2025-07-28,6.69,4.99,0.7458893871449925,False
ARARUAMA,2025-07-28,6.39,4.69,0.7339593114241002,False
BARRA MANSA,2025-07-28,6.19,4.59,0.7415185783521808,False
BELFORD ROXO,2025-07-28,5.89,4.39,0.7453310696095077,False
CABO FRIO,2025-07-28,6.42,4.89,0.7616822429906541,False
CAMPOS DOS GOYTACAZES,2025-07-28,6.39,4.39,0.6870109546165885,True
DUQUE DE CAXIAS,2025-07-28,5.87,4.29,0.7308347529812607,False
ITABORAI,2025-07-28,5.89,4.29,0.7283531409168083,False
MACAE,2025-07-28,6.45,4.99,0.7736434108527132,False
MARICA,2025-07-28,5.87,4.34,0.7393526405451447,False
NITEROI,2025-07-28,5.79,4.29,0.7409326424870466,False
NOVA FRIBURGO,2025-07-28,6.49,4.4399999999999995,0.6841294298921416,True
NOVA IGUACU,2025-07-28,5.89,4.24,0.7198641765704584,False
PETROPOLIS,2025-07-28,6.49,5.09,0.7842835130970723,False
RESENDE,2025-07-28,5.9399999999999995,4.54,0.7643097643097644,False
RIO DE JANEIRO,2025-07-28,5.99,4.29,0.7161936560934892,False
SAO GONCALO,2025-07-28,5.89,4.34,0.736842105263158,False
SAO JOAO DE MERITI,2025-07-28,5.855,4.19,0.7156276686592656,False
SAQUAREMA,2025-07-28,6.29,4.54,0.7217806041335453,False
TRES RIOS,2025-07-28,6.74,5.34,0.7922848664688427,False
VOLTA REDONDA,2025-07-28,6.39,4.84,0.7574334898278561,False
ANGRA DOS REIS,2025-08-04,6.69,5.19,0.7757847533632287,False
ARARUAMA,2025-08-04,6.39,4.69,0.7339593114241002,False
BARRA MANSA,2025-08-04,6.175000000000001,4.59,0.74331983805668,False
BELFORD ROXO,2025-08-04,5.89,4.39,0.7453310696095077,False
CABO FRIO,2025-08-04,6.42,4.89,0.7616822429906541,False
CAMPOS DOS GOYTACAZES,2025-08-04,6.39,4.49,0.702660406885759,False
DUQUE DE CAXIAS,2025-08-04,5.87,4.27,0.7274275979557069,False
ITABORAI,2025-08-04,5.89,4.29,0.7283531409168083,False
MACAE,2025-08-04,6.45,4.99,0.7736434108527132,False
MARICA,2025-08-04,5.890000000000001,4.29,0.7283531409168081,False
NITEROI,2025-08-04,5.69,4.24,0.7451669595782073,False
NOVA FRIBURGO,2025-08-04,6.49,4.39,0.6764252696456086,True
NOVA IGUACU,2025-08-04,5.89,4.24,0.7198641765704584,False
PETROPOLIS,2025-08-04,6.49,5.09,0.7842835130970723,False
RESENDE,2025-08-04,5.9399999999999995,4.59,0.7727272727272728,False
RIO DE JANEIRO,2025-08-04,5.99,4.29,0.7161936560934892,False
SAO GONCALO,2025-08-04,5.89,4.39,0.7453310696095077,False
SAO JOAO DE MERITI,2025-08-04,5.855,4.19,0.7156276686592656,False
SAQUAREMA,2025-08-04,6.29,4.59,0.7297297297297297,False
TRES RIOS,2025-08-04,6.79,5.39,0.7938144329896907,False
VOLTA REDONDA,2025-08-04,6.39,4.79,0.7496087636932708,False
ANGRA DOS REIS,2025-08-11,6.69,4.99,0.7458893871449925,False
ARARUAMA,2025-08-11,6.39,4.69,0.7339593114241002,False
BARRA MANSA,2025-08-11,6.15,4.59,0.746341463414634,False
CABO FRIO,2025-08-11,6.42,4.89,0.7616822429906541,False
DUQUE DE CAXIAS,2025-08-11,5.89,4.275,0.7258064516129034,False
ITABORAI,2025-08-11,5.89,4.29,0.7283531409168083,False
MACAE,2025-08-11,6.45,4.99,0.7736434108527132,False
MARICA,2025-08-11,5.84,4.29,0.7345890410958904,False
NITEROI,2025-08-11,5.69,4.29,0.7539543057996485,False
NOVA FRIBURGO,2025-08-11,6.49,4.39,0.6764252696456086,True
NOVA IGUACU,2025-08-11,5.89,4.29,0.7283531409168083,False
PETROPOLIS,2025-08-11,6.49,5.09,0.7842835130970723,False
RESENDE,2025-08-11,6.04,4.640000000000001,0.7682119205298014,False
RIO DE JANEIRO,2025-08-11,5.93,4.37,0.7369308600337269,False
SAO GONCALO,2025-08-11,5.89,4.39,0.7453310696095077,False
SAO JOAO DE MERITI,2025-08-11,5.855,4.29,0.7327070879590093,False
SAQUAREMA,2025-08-11,6.29,4.49,0.713831478537361,False
TRES RIOS,2025-08-11,6.79,5.39,0.7938144329896907,False
VOLTA REDONDA,2025-08-11,6.39,4.79,0.7496087636932708,False
ANGRA DOS REIS,2025-08-18,6.69,5.04,0.7533632286995515,False
ARARUAMA,2025-08-18,6.39,4.69,0.7339593114241002,False
BARRA MANSA,2025-08-18,6.125,4.59,0.7493877551020408,False
BELFORD ROXO,2025-08-18,5.89,4.39,0.7453310696095077,False
CABO FRIO,2025-08-18,6.42,4.89,0.7616822429906541,False
DUQUE DE CAXIAS,2025-08-18,5.87,4.275,0.7282793867120955,False
ITABORAI,2025-08-18,5.89,4.39,0.7453310696095077,False
MACAE,2025-08-18,6.45,4.99,0.7736434108527132,False
MARICA,2025-08-18,5.84,4.29,0.7345890410958904,False
NITEROI,2025-08-18,5.77,4.24,0.734835355285962,False
NOVA FRIBURGO,2025-08-18,6.49,4.39,0.6764252696456086,True
NOVA IGUACU,2025-08-18,5.88,4.29,0.7295918367346939,False
PETROPOLIS,2025-08-18,6.49,5.09,0.7842835130970723,False
RESENDE,2025-08-18,6.04,4.640000000000001,0.7682119205298014,False
RIO DE JANEIRO,2025-08-18,5.98,4.29,0.717391304347826,False
SAO GONCALO,2025-08-18,5.89,4.39,0.7453310696095077,False
SAO JOAO DE MERITI,2025-08-18,5.855,4.29,0.7327070879590093,False
SAQUAREMA,2025-08-18,6.19,4.44,0.7172859450726979,False
TRES RIOS,2025-08-18,6.74,5.34,0.7922848664688427,False
VOLTA REDONDA,2025-08-18,6.39,4.84,0.7574334898278561,False
ANGRA DOS REIS,2025-08-25,6.69,5.04,0.7533632286995515,False
ARARUAMA,2025-08-25,6.39,4.69,0.7339593114241002,False
BARRA MANSA,2025-08-25,6.125,4.59,0.7493877551020408,False
BELFORD ROXO,2025-08-25,5.89,4.39,0.7453310696095077,False
CABO FRIO,2025-08-25,6.42,4.89,0.7616822429906541,False
DUQUE DE CAXIAS,2025-08-25,5.89,4.28,0.7266553480475383,False
ITABORAI,2025-08-25,5.89,4.34,0.736842105263158,False
MACAE,2025-08-25,6.45,4.99,0.7736434108527132,False
MARICA,2025-08-25,5.84,4.29,0.7345890410958904,False
NITEROI,2025-08-25,5.78,4.24,0.7335640138408305,False
NOVA FRIBURGO,2025-08-25,6.49,4.39,0.6764252696456086,True
NOVA IGUACU,2025-08-25,5.88,4.24,0.7210884353741497,False
PETROPOLIS,2025-08-25,6.49,5.09,0.7842835130970723,False
RESENDE,2025-08-25,6.04,4.640000000000001,0.7682119205298014,False
RIO DE JANEIRO,2025-08-25,5.99,4.29,0.7161936560934892,False
SAO GONCALO,2025-08-25,5.98,4.39,0.7341137123745818,False
SAO JOAO DE MERITI,2025-08-25,5.855,4.29,0.7327070879590093,False
SAQUAREMA,2025-08-25,6.29,4.49,0.713831478537361,False
TRES RIOS,2025-08-25,6.74,5.34,0.7922848664688427,False
VOLTA REDONDA,2025-08-25,6.39,4.84,0.7574334898278561,False
ANGRA DOS REIS,2025-09-01,6.69,4.99,0.7458893871449925,False
ARARUAMA,2025-09-01,6.39,4.69,0.7339593114241002,False
BARRA MANSA,2025-09-01,6.09,4.59,0.7536945812807881,False
BELFORD ROXO,2025-09-01,5.89,4.39,0.7453310696095077,False
CABO FRIO,2025-09-01,6.39,4.89,0.7652582159624413,False
DUQUE DE CAXIAS,2025-09-01,5.89,4.29,0.7283531409168083,False
ITABORAI,2025-09-01,5.89,4.34,0.736842105263158,False
MACAE,2025-09-01,6.45,4.99,0.7736434108527132,False
MARICA,2025-09-01,5.84,4.39,0.7517123287671232,False
NITEROI,2025-09-01,5.74,4.24,0.7386759581881533,False
NOVA FRIBURGO,2025-09-01,6.39,4.39,0.6870109546165885,True
NOVA IGUACU,2025-09-01,5.88,4.24,0.7210884353741497,False
PETROPOLIS,2025-09-01,6.49,5.09,0.7842835130970723,False
RESENDE,2025-09-01,6.04,4.640000000000001,0.7682119205298014,False
RIO DE JANEIRO,2025-09-01,5.99,4.29,0.7161936560934892,False
SAO GONCALO,2025-09-01,5.89,4.34,0.736842105263158,False
SAO JOAO DE MERITI,2025-09-01,5.855,4.279999999999999,0.7309991460290348,False
SAQUAREMA,2025-09-01,6.19,4.44,0.7172859450726979,False
TRES RIOS,2025-09-01,6.74,5.34,0.7922848664688427,False
VOLTA REDONDA,2025-09-01,6.39,4.84,0.7574334898278561,False
ANGRA DOS REIS,2025-09-08,6.69,4.99,0.7458893871449925,False
ARARUAMA,2025-09-08,6.39,4.69,0.7339593114241002,False
BARRA MANSA,2025-09-08,6.125,4.59,0.7493877551020408,False
BELFORD ROXO,2025-09-08,5.89,4.39,0.7453310696095077,False
CABO FRIO,2025-09-08,6.39,4.89,0.7652582159624413,False
CAMPOS DOS GOYTACAZES,2025-09-08,6.465,4.54,0.7022428460943543,False
DUQUE DE CAXIAS,2025-09-08,5.89,4.29,0.7283531409168083,False
ITABORAI,2025-09-08,5.89,4.34,0.736842105263158,False
MARICA,2025-09-08,5.84,4.34,0.7431506849315068,False
NILOPOLIS,2025-09-08,5.79,4.29,0.7409326424870466,False
NITEROI,2025-09-08,5.79,4.29,0.7409326424870466,False
NOVA FRIBURGO,2025-09-08,6.39,4.39,0.6870109546165885,True
NOVA IGUACU,2025-09-08,5.88,4.29,0.7295918367346939,False
PETROPOLIS,2025-09-08,6.49,5.09,0.7842835130970723,False
RESENDE,2025-09-08,6.04,4.640000000000001,0.7682119205298014,False
RIO DE JANEIRO,2025-09-08,5.89,4.39,0.7453310696095077,False
SANTO ANTONIO DE PADUA,2025-09-08,6.0600000000000005,4.390000000000001,0.7244224422442245,False
SAO GONCALO,2025-09-08,5.89,4.34,0.736842105263158,False
SAO JOAO DE MERITI,2025-09-08,5.855,4.29,0.7327070879590093,False
SAQUAREMA,2025-09-08,6.29,4.49,0.713831478537361,False
TRES RIOS,2025-09-08,6.79,5.39,0.7938144329896907,False
VOLTA REDONDA,2025-09-08,6.39,4.84,0.7574334898278561,False
ANGRA DOS REIS,2025-09-15,6.65,5.09,0.7654135338345864,False
ARARUAMA,2025-09-15,6.39,4.69,0.7339593114241002,False
BARRA MANSA,2025-09-15,6.125,4.59,0.7493877551020408,False
BELFORD ROXO,2025-09-15,5.89,4.39,0.7453310696095077,False
CABO FRIO,2025-09-15,6.39,4.89,0.7652582159624413,False
DUQUE DE CAXIAS,2025-09-15,5.89,4.29,0.7283531409168083,False
ITABORAI,2025-09-15,5.89,4.34,0.736842105263158,False
MACAE,2025-09-15,6.4,4.89,0.7640624999999999,False
MARICA,2025-09-15,5.84,4.34,0.7431506849315068,False
NILOPOLIS,2025-09-15,5.79,4.215,0.7279792746113989,False
NITEROI,2025-09-15,5.74,4.24,0.7386759581881533,False
NOVA FRIBURGO,2025-09-15,6.29,4.369999999999999,0.6947535771065182,True
NOVA IGUACU,2025-09-15,5.88,4.29,0.7295918367346939,False
PETROPOLIS,2025-09-15,6.49,5.09,0.7842835130970723,False
RESENDE,2025-09-15,6.04,4.640000000000001,0.7682119205298014,False
RIO DE JANEIRO,2025-09-15,5.99,4.49,0.7495826377295493,False
SANTO ANTONIO DE PADUA,2025-09-15,6.0600000000000005,4.4399999999999995,0.7326732673267325,False
SAO GONCALO,2025-09-15,5.89,4.39,0.7453310696095077,False
SAO JOAO DE MERITI,2025-09-15,5.855,4.29,0.7327070879590093,False
SAQUAREMA,2025-09-15,6.29,4.49,0.713831478537361,False
VOLTA REDONDA,2025-09-15,6.39,4.869999999999999,0.7621283255086071,False
ANGRA DOS REIS,2025-09-22,6.69,4.99,0.7458893871449925,False
ARARUAMA,2025-09-22,6.39,4.69,0.7339593114241002,False
BARRA MANSA,2025-09-22,6.19,4.609999999999999,0.7447495961227786,False
BELFORD ROXO,2025-09-22,5.89,4.39,0.7453310696095077,False
CABO FRIO,2025-09-22,6.39,4.89,0.7652582159624413,False
CAMPOS DOS GOYTACAZES,2025-09-22,6.49,4.54,0.699537750385208,True
DUQUE DE CAXIAS,2025-09-22,5.87,4.305,0.7333901192504259,False
ITABORAI,2025-09-22,5.89,4.4399999999999995,0.7538200339558574,False
MACAE,2025-09-22,6.45,4.99,0.7736434108527132,False
MARICA,2025-09-22,5.84,4.34,0.7431506849315068,False
NILOPOLIS,2025-09-22,5.79,4.215,0.7279792746113989,False
NITEROI,2025-09-22,5.78,4.24,0.7335640138408305,False
NOVA FRIBURGO,2025-09-22,6.39,4.39,0.6870109546165885,True
NOVA IGUACU,2025-09-22,5.88,4.29,0.7295918367346939,False
PETROPOLIS,2025-09-22,6.49,5.09,0.7842835130970723,False
RESENDE,2025-09-22,6.025,4.640000000000001,0.7701244813278009,False
RIO DE JANEIRO,2025-09-22,5.99,4.49,0.7495826377295493,False
SANTO ANTONIO DE PADUA,2025-09-22,6.0600000000000005,4.4399999999999995,0.7326732673267325,False
SAO GONCALO,2025-09-22,5.79,4.39,0.7582037996545768,False
SAO JOAO DE MERITI,2025-09-22,5.855,4.279999999999999,0.7309991460290348,False
SAQUAREMA,2025-09-22,6.29,4.49,0.713831478537361,False
TRES RIOS,2025-09-22,6.79,5.39,0.7938144329896907,False
VOLTA REDONDA,2025-09-22,6.39,4.869999999999999,0.7621283255086071,False
ANGRA DOS REIS,2025-09-29,6.69,4.99,0.7458893871449925,False
ARARUAMA,2025-09-29,6.39,4.69,0.7339593114241002,False
BARRA MANSA,2025-09-29,6.125,4.59,0.7493877551020408,False
BELFORD ROXO,2025-09-29,5.89,4.39,0.7453310696095077,False
CABO FRIO,2025-09-29,6.39,4.89,0.7652582159624413,False
DUQUE DE CAXIAS,2025-09-29,5.89,4.32,0.733446519524618,False
ITABORAI,2025-09-29,5.89,4.39,0.7453310696095077,False
MACAE,2025-09-29,6.45,4.99,0.7736434108527132,False
MARICA,2025-09-29,5.99,4.49,0.7495826377295493,False
NILOPOLIS,2025-09-29,5.84,4.215,0.7217465753424658,False
NITEROI,2025-09-29,5.79,4.34,0.7495682210708117,False
NOVA FRIBURGO,2025-09-29,6.39,4.39,0.6870109546165885,True
NOVA IGUACU,2025-09-29,5.89,4.29,0.7283531409168083,False
PETROPOLIS,2025-09-29,6.49,5.09,0.7842835130970723,False
RESENDE,2025-09-29,5.99,4.59,0.7662771285475792,False
RIO BONITO,2025-09-29,5.88,4.49,0.7636054421768708,False
RIO DE JANEIRO,2025-09-29,5.99,4.49,0.7495826377295493,False
SANTO ANTONIO DE PADUA,2025-09-29,6.0600000000000005,4.4399999999999995,0.7326732673267325,False
SAO GONCALO,2025-09-29,5.98,4.39,0.7341137123745818,False
SAO JOAO DE MERITI,2025-09-29,5.87,4.279999999999999,0.7291311754684837,False
SAQUAREMA,2025-09-29,6.29,4.49,0.713831478537361,False
TRES RIOS,2025-09-29,6.74,5.34,0.7922848664688427,False
VOLTA REDONDA,2025-09-29,6.39,4.869999999999999,0.7621283255086071,False
ANGRA DOS REIS,2025-10-06,6.69,5.09,0.7608370702541105,False
ARARUAMA,2025-10-06,6.39,4.69,0.7339593114241002,False
BARRA MANSA,2025-10-06,6.125,4.640000000000001,0.7575510204081634,False
BELFORD ROXO,2025-10-06,5.89,4.39,0.7453310696095077,False
CABO FRIO,2025-10-06,6.39,4.89,0.7652582159624413,False
DUQUE DE CAXIAS,2025-10-06,5.95,4.33,0.7277310924369748,False
ITABORAI,2025-10-06,5.89,4.37,0.7419354838709677,False
MACAE,2025-10-06,6.45,4.99,0.7736434108527132,False
MARICA,2025-10-06,5.99,4.49,0.7495826377295493,False
NILOPOLIS,2025-10-06,5.89,4.215,0.7156196943972836,False
NITEROI,2025-10-06,5.79,4.34,0.7495682210708117,False
NOVA FRIBURGO,2025-10-06,6.39,4.39,0.6870109546165885,True
NOVA IGUACU,2025-10-06,5.89,4.29,0.7283531409168083,False
PETROPOLIS,2025-10-06,6.69,5.09,0.7608370702541105,False
RESENDE,2025-10-06,6.04,4.640000000000001,0.7682119205298014,False
RIO BONITO,2025-10-06,5.99,4.49,0.7495826377295493,False
RIO DE JANEIRO,2025-10-06,5.99,4.49,0.7495826377295493,False
SANTO ANTONIO DE PADUA,2025-10-06,6.0600000000000005,4.4399999999999995,0.7326732673267325,False
SAO GONCALO,2025-10-06,5.89,4.39,0.7453310696095077,False
SAO JOAO DE MERITI,2025-10-06,5.855,4.279999999999999,0.7309991460290348,False
SAQUAREMA,2025-10-06,6.19,4.44,0.7172859450726979,False
TRES RIOS,2025-10-06,6.79,5.39,0.7938144329896907,False
VOLTA REDONDA,2025-10-06,6.39,4.869999999999999,0.7621283255086071,False
ANGRA DOS REIS,2025-10-13,6.69,5.19,0.7757847533632287,False
ARARUAMA,2025-10-13,6.39,4.69,0.7339593114241002,False
BARRA MANSA,2025-10-13,6.140000000000001,4.59,0.7475570032573289,False
BELFORD ROXO,2025-10-13,5.89,4.39,0.7453310696095077,False
CABO FRIO,2025-10-13,6.4399999999999995,4.89,0.7593167701863354,False
DUQUE DE CAXIAS,2025-10-13,5.89,4.345000000000001,0.737691001697793,False
ITABORAI,2025-10-13,5.99,4.4399999999999995,0.7412353923205341,False
MACAE,2025-10-13,6.45,4.9399999999999995,0.7658914728682169,False
MARICA,2025-10-13,5.99,4.39,0.7328881469115192,False
NILOPOLIS,2025-10-13,5.89,4.215,0.7156196943972836,False
NITEROI,2025-10-13,5.89,4.29,0.7283531409168083,False
NOVA FRIBURGO,2025-10-13,6.29,4.369999999999999,0.6947535771065182,True
NOVA IGUACU,2025-10-13,5.89,4.29,0.7283531409168083,False
PETROPOLIS,2025-10-13,6.69,5.09,0.7608370702541105,False
RESENDE,2025-10-13,6.04,4.640000000000001,0.7682119205298014,False
RIO BONITO,2025-10-13,5.99,4.49,0.7495826377295493,False
RIO DE JANEIRO,2025-10-13,5.99,4.43,0.7395659432387311,False
SANTO ANTONIO DE PADUA,2025-10-13,6.0600000000000005,4.465,0.7367986798679867,False
SAO GONCALO,2025-10-13,5.98,4.4399999999999995,0.7424749163879597,False
SAO JOAO DE MERITI,2025-10-13,5.87,4.279999999999999,0.7291311754684837,False
SAQUAREMA,2025-10-13,6.29,4.54,0.7217806041335453,False
VOLTA REDONDA,2025-10-13,6.39,4.869999999999999,0.7621283255086071,False
ANGRA DOS REIS,2025-10-20,6.69,5.04,0.7533632286995515,False
ARARUAMA,2025-10-20,6.39,4.69,0.7339593114241002,False
BARRA MANSA,2025-10-20,6.125,4.59,0.7493877551020408,False
BELFORD ROXO,2025-10-20,5.89,4.39,0.7453310696095077,False
CABO FRIO,2025-10-20,6.4399999999999995,4.89,0.7593167701863354,False
CAMPOS DOS GOYTACAZES,2025-10-20,6.59,4.64,0.7040971168437026,False
DUQUE DE CAXIAS,2025-10-20,5.89,4.38,0.7436332767402377,False
ITABORAI,2025-10-20,5.99,4.49,0.7495826377295493,False
MACAE,2025-10-20,6.45,4.99,0.7736434108527132,False
MARICA,2025-10-20,5.9399999999999995,4.39,0.7390572390572391,False
NILOPOLIS,2025-10-20,5.89,4.29,0.7283531409168083,False
NITEROI,2025-10-20,5.89,4.29,0.7283531409168083,False
NOVA FRIBURGO,2025-10-20,6.29,4.369999999999999,0.6947535771065182,True
NOVA IGUACU,2025-10-20,5.99,4.48,0.7479131886477463,False
PETROPOLIS,2025-10-20,6.69,5.09,0.7608370702541105,False
RESENDE,2025-10-20,5.9399999999999995,4.59,0.7727272727272728,False
RIO BONITO,2025-10-20,5.99,4.49,0.7495826377295493,False
RIO DE JANEIRO,2025-10-20,5.99,4.49,0.7495826377295493,False
SANTO ANTONIO DE PADUA,2025-10-20,6.0600000000000005,4.465,0.7367986798679867,False
SAO GONCALO,2025-10-20,5.99,4.4399999999999995,0.7412353923205341,False
SAO JOAO DE MERITI,2025-10-20,5.87,4.279999999999999,0.7291311754684837,False
SAQUAREMA,2025-10-20,6.22,4.54,0.729903536977492,False
TRES RIOS,2025-10-20,6.84,5.29,0.7733918128654971,False
VOLTA REDONDA,2025-10-20,6.39,4.869999999999999,0.7621283255086071,False
ANGRA DOS REIS,2025-10-27,6.69,4.99,0.7458893871449925,False
ARARUAMA,2025-10-27,6.39,4.69,0.7339593114241002,False
BARRA MANSA,2025-10-27,6.125,4.640000000000001,0.7575510204081634,False
BELFORD ROXO,2025-10-27,5.89,4.39,0.7453310696095077,False
CABO FRIO,2025-10-27,6.4399999999999995,4.89,0.7593167701863354,False
CAMPOS DOS GOYTACAZES,2025-10-27,6.59,4.64,0.7040971168437026,False
DUQUE DE CAXIAS,2025-10-27,5.89,4.33,0.735144312393888,False
ITABORAI,2025-10-27,5.89,4.49,0.7623089983022072,False
MACAE,2025-10-27,6.45,4.99,0.7736434108527132,False
MARICA,2025-10-27,5.890000000000001,4.39,0.7453310696095076,False
NILOPOLIS,2025-10-27,5.79,4.285,0.7400690846286702,False
NITEROI,2025-10-27,5.89,4.29,0.7283531409168083,False
NOVA FRIBURGO,2025-10-27,6.29,4.369999999999999,0.6947535771065182,True
NOVA IGUACU,2025-10-27,5.89,4.39,0.7453310696095077,False
PETROPOLIS,2025-10-27,6.69,5.09,0.7608370702541105,False
RESENDE,2025-10-27,5.9399999999999995,4.59,0.7727272727272728,False
RIO BONITO,2025-10-27,5.94,4.49,0.7558922558922558,False
RIO DE JANEIRO,2025-10-27,5.99,4.57,0.7629382303839733,False
SANTO ANTONIO DE PADUA,2025-10-27,6.09,4.53,0.7438423645320198,False
SAO GONCALO,2025-10-27,5.99,4.49,0.7495826377295493,False
SAO JOAO DE MERITI,2025-10-27,5.875,4.24,0.7217021276595745,False
SAQUAREMA,2025-10-27,6.29,4.54,0.7217806041335453,False
TRES RIOS,2025-10-27,6.84,5.29,0.7733918128654971,False
VOLTA REDONDA,2025-10-27,6.39,4.89,0.7652582159624413,False
ANGRA DOS REIS,2025-11-03,6.69,4.99,0.7458893871449925,False
ARARUAMA,2025-11-03,6.39,4.69,0.7339593114241002,False
BARRA MANSA,2025-11-03,6.175000000000001,4.640000000000001,0.751417004048583,False
BELFORD ROXO,2025-11-03,5.89,4.39,0.7453310696095077,False
CABO FRIO,2025-11-03,6.4399999999999995,4.89,0.7593167701863354,False
DUQUE DE CAXIAS,2025-11-03,5.89,4.39,0.7453310696095077,False
ITABORAI,2025-11-03,5.89,4.49,0.7623089983022072,False
MACAE,2025-11-03,6.45,4.99,0.7736434108527132,False
MARICA,2025-11-03,5.890000000000001,4.39,0.7453310696095076,False
NILOPOLIS,2025-11-03,5.79,4.29,0.7409326424870466,False
NITEROI,2025-11-03,5.89,4.29,0.7283531409168083,False
NOVA FRIBURGO,2025-11-03,6.29,4.39,0.697933227344992,True
NOVA IGUACU,2025-11-03,5.9399999999999995,4.39,0.7390572390572391,False
RESENDE,2025-11-03,5.890000000000001,4.59,0.7792869269949065,False
RIO BONITO,2025-11-03,5.94,4.49,0.7558922558922558,False
RIO DE JANEIRO,2025-11-03,5.99,4.48,0.7479131886477463,False
SANTO ANTONIO DE PADUA,2025-11-03,6.0600000000000005,4.53,0.7475247524752475,False
SAO GONCALO,2025-11-03,5.99,4.54,0.7579298831385642,False
SAO JOAO DE MERITI,2025-11-03,5.885,4.4399999999999995,0.7544604927782498,False
SAQUAREMA,2025-11-03,6.29,4.54,0.7217806041335453,False
TRES RIOS,2025-11-03,6.79,5.29,0.7790868924889544,False
VOLTA REDONDA,2025-11-03,6.39,4.869999999999999,0.7621283255086071,False
ANGRA DOS REIS,2025-11-10,6.67,5.04,0.7556221889055472,False
ARARUAMA,2025-11-10,6.39,4.69,0.7339593114241002,False
BARRA MANSA,2025-11-10,6.175000000000001,4.59,0.74331983805668,False
BELFORD ROXO,2025-11-10,5.89,4.39,0.7453310696095077,False
CABO FRIO,2025-11-10,6.4399999999999995,4.89,0.7593167701863354,False
CAMPOS DOS GOYTACAZES,2025-11-10,6.59,4.64,0.7040971168437026,False
DUQUE DE CAXIAS,2025-11-10,5.89,4.37,0.7419354838709677,False
ITABORAI,2025-11-10,5.89,4.390000000000001,0.7453310696095078,False
ITAPERUNA,2025-11-10,6.49,4.69,0.7226502311248074,False
MACAE,2025-11-10,6.45,4.99,0.7736434108527132,False
MARICA,2025-11-10,5.890000000000001,4.39,0.7453310696095076,False
NILOPOLIS,2025-11-10,5.79,4.29,0.7409326424870466,False
NITEROI,2025-11-10,5.89,4.29,0.7283531409168083,False
NOVA FRIBURGO,2025-11-10,6.29,4.49,0.713831478537361,False
NOVA IGUACU,2025-11-10,5.89,4.39,0.7453310696095077,False
RESENDE,2025-11-10,5.890000000000001,4.54,0.7707979626485568,False
RIO BONITO,2025-11-10,5.94,4.49,0.7558922558922558,False
RIO DE JANEIRO,2025-11-10,5.99,4.49,0.7495826377295493,False
SANTO ANTONIO DE PADUA,2025-11-10,6.0600000000000005,4.49,0.740924092409241,False
SAO GONCALO,2025-11-10,5.99,4.49,0.7495826377295493,False
SAO JOAO DE MERITI,2025-11-10,5.885,4.48,0.7612574341546305,False
SAQUAREMA,2025-11-10,6.29,4.49,0.713831478537361,False
TRES RIOS,2025-11-10,6.79,5.29,0.7790868924889544,False
VOLTA REDONDA,2025-11-10,6.39,4.885,0.7644757433489828,False
ANGRA DOS REIS,2025-11-17,6.69,4.99,0.7458893871449925,False
ARARUAMA,2025-11-17,6.39,4.69,0.7339593114241002,False
BARRA MANSA,2025-11-17,6.19,4.62,0.7463651050080775,False
BELFORD ROXO,2025-11-17,5.89,4.39,0.7453310696095077,False
CABO FRIO,2025-11-17,6.4399999999999995,4.89,0.7593167701863354,False
CAMPOS DOS GOYTACAZES,2025-11-17,6.59,4.64,0.7040971168437026,False
DUQUE DE CAXIAS,2025-11-17,5.99,4.69,0.7829716193656094,False
ITABORAI,2025-11-17,5.89,4.390000000000001,0.7453310696095078,False
ITAPERUNA,2025-11-17,6.49,4.69,0.7226502311248074,False
MACAE,2025-11-17,6.49,4.9399999999999995,0.761171032357473,False
MARICA,2025-11-17,5.890000000000001,4.4399999999999995,0.7538200339558573,False
NILOPOLIS,2025-11-17,5.79,4.29,0.7409326424870466,False
NITEROI,2025-11-17,5.89,4.34,0.736842105263158,False
NOVA FRIBURGO,2025-11-17,6.29,4.49,0.713831478537361,False
NOVA IGUACU,2025-11-17,5.9399999999999995,4.39,0.7390572390572391,False
RESENDE,2025-11-17,5.890000000000001,4.59,0.7792869269949065,False
RIO BONITO,2025-11-17,5.96,4.49,0.7533557046979866,False
RIO DE JANEIRO,2025-11-17,5.99,4.49,0.7495826377295493,False
SANTO ANTONIO DE PADUA,2025-11-17,6.0600000000000005,4.59,0.7574257425742573,False
SAO GONCALO,2025-11-17,5.99,4.54,0.7579298831385642,False
SAO JOAO DE MERITI,2025-11-17,5.89,4.48,0.7606112054329373,False
SAQUAREMA,2025-11-17,6.22,4.49,0.7218649517684889,False
TRES RIOS,2025-11-17,6.84,5.34,0.7807017543859649,False
VOLTA REDONDA,2025-11-17,6.39,4.885,0.7644757433489828,False
ANGRA DOS REIS,2025-11-24,6.69,4.99,0.7458893871449925,False
ARARUAMA,2025-11-24,6.39,4.69,0.7339593114241002,False
BARRA MANSA,2025-11-24,6.19,4.62,0.7463651050080775,False
BELFORD ROXO,2025-11-24,5.89,4.39,0.7453310696095077,False
CABO FRIO,2025-11-24,6.39,4.89,0.7652582159624413,False
DUQUE DE CAXIAS,2025-11-24,5.87,4.47,0.7614991482112435,False
ITABORAI,2025-11-24,5.89,4.4399999999999995,0.7538200339558574,False
ITAPERUNA,2025-11-24,6.49,4.69,0.7226502311248074,False
MACAE,2025-11-24,6.470000000000001,4.89,0.7557959814528592,False
MARICA,2025-11-24,6.04,4.59,0.759933774834437,False
NILOPOLIS,2025-11-24,5.88,4.385,0.7457482993197279,False
NITEROI,2025-11-24,5.89,4.39,0.7453310696095077,False
NOVA FRIBURGO,2025-11-24,6.49,4.49,0.6918335901386748,True
NOVA IGUACU,2025-11-24,5.9399999999999995,4.49,0.755892255892256,False
PETROPOLIS,2025-11-24,6.74,5.140000000000001,0.7626112759643917,False
RESENDE,2025-11-24,5.9399999999999995,4.640000000000001,0.7811447811447813,False
RIO BONITO,2025-11-24,5.96,4.49,0.7533557046979866,False
RIO DE JANEIRO,2025-11-24,5.99,4.59,0.7662771285475792,False
SANTO ANTONIO DE PADUA,2025-11-24,6.0600000000000005,4.62,0.7623762376237623,False
SAO GONCALO,2025-11-24,5.99,4.54,0.7579298831385642,False
SAO JOAO DE MERITI,2025-11-24,5.89,4.54,0.7707979626485569,False
SAQUAREMA,2025-11-24,6.22,4.54,0.729903536977492,False
TRES RIOS,2025-11-24,6.89,5.39,0.7822931785195936,False
VOLTA REDONDA,2025-11-24,6.39,4.885,0.7644757433489828,False
ANGRA DOS REIS,2025-12-01,6.69,5.09,0.7608370702541105,False
ARARUAMA,2025-12-01,6.39,4.69,0.7339593114241002,False
BARRA MANSA,2025-12-01,6.19,4.62,0.7463651050080775,False
CABO FRIO,2025-12-01,6.415,4.89,0.7622759158222915,False
ITABORAI,2025-12-01,5.89,4.59,0.7792869269949066,False
ITAPERUNA,2025-12-01,6.49,4.635,0.7141756548536209,False
MACAE,2025-12-01,6.45,4.99,0.7736434108527132,False
MARICA,2025-12-01,5.890000000000001,4.49,0.7623089983022071,False
NILOPOLIS,2025-12-01,5.88,4.385,0.7457482993197279,False
NITEROI,2025-12-01,5.89,4.39,0.7453310696095077,False
NOVA FRIBURGO,2025-12-01,6.29,4.49,0.713831478537361,False
NOVA IGUACU,2025-12-01,5.99,4.59,0.7662771285475792,False
RESENDE,2025-12-01,5.9399999999999995,4.6899999999999995,0.7895622895622896,False
RIO BONITO,2025-12-01,5.96,4.49,0.7533557046979866,False
RIO DE JANEIRO,2025-12-01,5.99,4.59,0.7662771285475792,False
SANTO ANTONIO DE PADUA,2025-12-01,6.0600000000000005,4.69,0.7739273927392739,False
SAO GONCALO,2025-12-01,5.99,4.59,0.7662771285475792,False
SAO JOAO DE MERITI,2025-12-01,5.915,4.59,0.775993237531699,False
SAQUAREMA,2025-12-01,6.29,4.69,0.7456279809220986,False
TRES RIOS,2025-12-01,6.89,5.39,0.7822931785195936,False
VOLTA REDONDA,2025-12-01,6.39,4.89,0.7652582159624413,False
ANGRA DOS REIS,2025-12-08,6.69,5.09,0.7608370702541105,False
ARARUAMA,2025-12-08,6.39,4.69,0.7339593114241002,False
BARRA MANSA,2025-12-08,6.19,4.74,0.7657512116316639,False
BELFORD ROXO,2025-12-08,5.89,4.4399999999999995,0.7538200339558574,False
CABO FRIO,2025-12-08,6.415,4.89,0.7622759158222915,False
ITABORAI,2025-12-08,5.94,4.49,0.7558922558922558,False
ITAPERUNA,2025-12-08,6.49,4.69,0.7226502311248074,False
MACAE,2025-12-08,6.45,5.09,0.7891472868217054,False
MARICA,2025-12-08,5.99,4.54,0.7579298831385642,False
NILOPOLIS,2025-12-08,5.88,4.485,0.7627551020408164,False
NITEROI,2025-12-08,5.89,4.4399999999999995,0.7538200339558574,False
NOVA FRIBURGO,2025-12-08,6.29,4.49,0.713831478537361,False
NOVA IGUACU,2025-12-08,5.99,4.59,0.7662771285475792,False
RESENDE,2025-12-08,5.99,4.6899999999999995,0.7829716193656092,False
RIO BONITO,2025-12-08,5.96,4.49,0.7533557046979866,False
RIO DE JANEIRO,2025-12-08,5.99,4.59,0.7662771285475792,False
SANTO ANTONIO DE PADUA,2025-12-08,6.0600000000000005,4.79,0.7904290429042904,False
SAO JOAO DE MERITI,2025-12-08,5.99,4.59,0.7662771285475792,False
SAQUAREMA,2025-12-08,6.29,4.69,0.7456279809220986,False
TRES RIOS,2025-12-08,6.84,5.34,0.7807017543859649,False
VOLTA REDONDA,2025-12-08,6.39,4.885,0.7644757433489828,False
ANGRA DOS REIS,2025-12-15,6.69,5.19,0.7757847533632287,False
ARARUAMA,2025-12-15,6.39,4.69,0.7339593114241002,False
BARRA MANSA,2025-12-15,6.19,4.79,0.7738287560581583,False
BELFORD ROXO,2025-12-15,5.89,4.59,0.7792869269949066,False
CABO FRIO,2025-12-15,6.415,4.9399999999999995,0.770070148090413,False
ITABORAI,2025-12-15,5.94,4.59,0.7727272727272727,False
ITAPERUNA,2025-12-15,6.69,4.79,0.7159940209267563,False
MACAE,2025-12-15,6.35,5.085000000000001,0.8007874015748033,False
MARICA,2025-12-15,5.99,4.54,0.7579298831385642,False
NILOPOLIS,2025-12-15,5.88,4.49,0.7636054421768708,False
NITEROI,2025-12-15,5.89,4.49,0.7623089983022072,False
NOVA IGUACU,2025-12-15,5.99,4.69,0.7829716193656094,False
RESENDE,2025-12-15,5.890000000000001,4.6899999999999995,0.796264855687606,False
RIO BONITO,2025-12-15,5.98,4.52,0.7558528428093644,False
RIO DE JANEIRO,2025-12-15,5.99,4.69,0.7829716193656094,False
SANTO ANTONIO DE PADUA,2025-12-15,6.08,4.79,0.787828947368421,False
SAO GONCALO,2025-12-15,6.02,4.69,0.7790697674418606,False
SAO JOAO DE MERITI,2025-12-15,5.99,4.640000000000001,0.7746243739565943,False
SAQUAREMA,2025-12-15,6.39,4.77,0.7464788732394366,False
TRES RIOS,2025-12-15,6.84,5.34,0.7807017543859649,False
VOLTA REDONDA,2025-12-15,6.39,4.89,0.7652582159624413,False
ANGRA DOS REIS,2025-12-22,6.69,5.140000000000001,0.7683109118086697,False
ARARUAMA,2025-12-22,6.39,4.69,0.7339593114241002,False
BARRA MANSA,2025-12-22,6.19,4.79,0.7738287560581583,False
BELFORD ROXO,2025-12-22,5.89,4.59,0.7792869269949066,False
CABO FRIO,2025-12-22,6.415,4.89,0.7622759158222915,False
CAMPOS DOS GOYTACAZES,2025-12-22,6.59,4.84,0.7344461305007587,False
ITABORAI,2025-12-22,5.94,4.69,0.7895622895622896,False
ITAPERUNA,2025-12-22,6.69,4.79,0.7159940209267563,False
MACAE,2025-12-22,6.45,5.09,0.7891472868217054,False
MARICA,2025-12-22,6.04,4.59,0.759933774834437,False
NILOPOLIS,2025-12-22,5.88,4.585,0.7797619047619048,False
NITEROI,2025-12-22,5.89,4.54,0.7707979626485569,False
NOVA FRIBURGO,2025-12-22,6.29,4.54,0.7217806041335453,False
NOVA IGUACU,2025-12-22,5.99,4.69,0.7829716193656094,False
RESENDE,2025-12-22,5.9399999999999995,4.640000000000001,0.7811447811447813,False
RIO BONITO,2025-12-22,5.99,4.61,0.7696160267111853,False
RIO DE JANEIRO,2025-12-22,5.99,4.69,0.7829716193656094,False
SANTO ANTONIO DE PADUA,2025-12-22,6.08,4.79,0.787828947368421,False
SAO GONCALO,2025-12-22,6.09,4.69,0.7701149425287357,False
SAO JOAO DE MERITI,2025-12-22,5.99,4.640000000000001,0.7746243739565943,False
SAQUAREMA,2025-12-22,6.29,4.69,0.7456279809220986,False
TRES RIOS,2025-12-22,6.79,5.29,0.7790868924889544,False
VOLTA REDONDA,2025-12-22,6.39,5.04,0.7887323943661972,False
ANGRA DOS REIS,2025-12-29,6.69,5.19,0.7757847533632287,False
ARARUAMA,2025-12-29,6.39,4.69,0.7339593114241002,False
BARRA MANSA,2025-12-29,6.19,4.79,0.7738287560581583,False
BELFORD ROXO,2025-12-29,5.89,4.59,0.7792869269949066,False
CABO FRIO,2025-12-29,6.415,4.99,0.7778643803585347,False
ITABORAI,2025-12-29,5.94,4.69,0.7895622895622896,False
MACAE,2025-12-29,6.45,5.09,0.7891472868217054,False
MARICA,2025-12-29,6.04,4.59,0.759933774834437,False
NILOPOLIS,2025-12-29,5.885,4.585,0.7790994052676296,False
NITEROI,2025-12-29,5.99,4.59,0.7662771285475792,False
NOVA FRIBURGO,2025-12-29,6.29,4.640000000000001,0.7376788553259143,False
NOVA IGUACU,2025-12-29,5.99,4.69,0.7829716193656094,False
RESENDE,2025-12-29,5.99,4.6899999999999995,0.7829716193656092,False
RIO BONITO,2025-12-29,5.99,4.61,0.7696160267111853,False
RIO DE JANEIRO,2025-12-29,5.99,4.69,0.7829716193656094,False
SANTO ANTONIO DE PADUA,2025-12-29,6.13,4.79,0.7814029363784666,False
SAO GONCALO,2025-12-29,5.99,4.74,0.7913188647746244,False
SAO JOAO DE MERITI,2025-12-29,5.99,4.640000000000001,0.7746243739565943,False
SAQUAREMA,2025-12-29,6.29,4.69,0.7456279809220986,False
TRES RIOS,2025-12-29,6.84,5.34,0.7807017543859649,False
VOLTA REDONDA,2025-12-29,6.39,5.04,0.7887323943661972,False
ANGRA DOS REIS,2026-01-05,6.79,5.29,0.7790868924889544,False
ARARUAMA,2026-01-05,6.49,4.89,0.7534668721109399,False
BARRA MANSA,2026-01-05,6.19,4.79,0.7738287560581583,False
BELFORD ROXO,2026-01-05,5.99,4.69,0.7829716193656094,False
CABO FRIO,2026-01-05,6.460000000000001,5.035,0.7794117647058822,False
CAMPOS DOS GOYTACAZES,2026-01-05,6.665,4.94,0.741185296324081,False
ITABORAI,2026-01-05,5.99,4.69,0.7829716193656094,False
ITAPERUNA,2026-01-05,6.79,4.89,0.7201767304860088,False
MARICA,2026-01-05,6.140000000000001,4.74,0.7719869706840391,False
NILOPOLIS,2026-01-05,5.96,4.640000000000001,0.778523489932886,False
NITEROI,2026-01-05,5.98,4.64,0.7759197324414715,False
NOVA FRIBURGO,2026-01-05,6.29,4.67,0.7424483306836248,False
NOVA IGUACU,2026-01-05,6.09,4.79,0.7865353037766831,False
PETROPOLIS,2026-01-05,6.84,5.59,0.8172514619883041,False
RESENDE,2026-01-05,5.99,4.74,0.7913188647746244,False
RIO BONITO,2026-01-05,6.18,4.79,0.7750809061488674,False
RIO DE JANEIRO,2026-01-05,6.12,4.79,0.7826797385620915,False
SANTO ANTONIO DE PADUA,2026-01-05,6.29,4.99,0.7933227344992051,False
SAO GONCALO,2026-01-05,6.09,4.79,0.7865353037766831,False
SAO JOAO DE MERITI,2026-01-05,5.99,4.69,0.7829716193656094,False
SAQUAREMA,2026-01-05,6.49,4.89,0.7534668721109399,False
TRES RIOS,2026-01-05,6.79,5.49,0.8085419734904271,False
VOLTA REDONDA,2026-01-05,6.39,5.09,0.7965571205007825,False
ANGRA DOS REIS,2026-01-12,6.79,5.29,0.7790868924889544,False
ARARUAMA,2026-01-12,6.49,4.89,0.7534668721109399,False
BARRA DO PIRAI,2026-01-12,6.6850000000000005,5.19,0.7763649962602842,False
BARRA MANSA,2026-01-12,6.29,5.035,0.800476947535771,False
BELFORD ROXO,2026-01-12,5.99,4.74,0.7913188647746244,False
CABO FRIO,2026-01-12,6.59,5.29,0.802731411229135,False
CAMPOS DOS GOYTACAZES,2026-01-12,6.69,4.94,0.7384155455904335,False
ITABORAI,2026-01-12,6.04,4.79,0.793046357615894,False
ITAPERUNA,2026-01-12,6.8149999999999995,4.94,0.7248716067498167,False
MACAE,2026-01-12,6.55,5.15,0.7862595419847329,False
MARICA,2026-01-12,6.140000000000001,4.74,0.7719869706840391,False
NILOPOLIS,2026-01-12,5.99,4.69,0.7829716193656094,False
NITEROI,2026-01-12,5.98,4.69,0.7842809364548495,False
NOVA FRIBURGO,2026-01-12,6.49,4.89,0.7534668721109399,False
NOVA IGUACU,2026-01-12,6.09,4.79,0.7865353037766831,False
PETROPOLIS,2026-01-12,6.79,5.49,0.8085419734904271,False
RESENDE,2026-01-12,6.09,4.79,0.7865353037766831,False
RIO BONITO,2026-01-12,6.16,4.79,0.7775974025974026,False
RIO DE JANEIRO,2026-01-12,6.09,4.79,0.7865353037766831,False
SANTO ANTONIO DE PADUA,2026-01-12,6.29,4.99,0.7933227344992051,False
SAO GONCALO,2026-01-12,6.09,4.79,0.7865353037766831,False
SAO JOAO DE MERITI,2026-01-12,6.04,4.74,0.7847682119205298,False
SAQUAREMA,2026-01-12,6.49,4.89,0.7534668721109399,False
TRES RIOS,2026-01-12,6.79,5.49,0.8085419734904271,False
VOLTA REDONDA,2026-01-12,6.49,5.13,0.7904468412942989,False
ANGRA DOS REIS,2026-01-19,6.79,5.39,0.7938144329896907,False
ARARUAMA,2026-01-19,6.49,4.89,0.7534668721109399,False
BARRA DO PIRAI,2026-01-19,6.785,5.335000000000001,0.7862932940309507,False
BARRA MANSA,2026-01-19,6.29,4.99,0.7933227344992051,False
BELFORD ROXO,2026-01-19,5.99,4.69,0.7829716193656094,False
CABO FRIO,2026-01-19,6.59,5.29,0.802731411229135,False
CAMPOS DOS GOYTACAZES,2026-01-19,6.69,5.04,0.7533632286995515,False
ITABORAI,2026-01-19,6.04,4.79,0.793046357615894,False
ITAPERUNA,2026-01-19,6.79,4.99,0.7349042709867453,False
MACAE,2026-01-19,6.55,5.19,0.7923664122137405,False
MARICA,2026-01-19,6.140000000000001,4.79,0.780130293159609,False
NILOPOLIS,2026-01-19,6.015000000000001,4.69,0.7797173732335827,False
NITEROI,2026-01-19,5.98,4.79,0.8010033444816053,False
NOVA FRIBURGO,2026-01-19,6.49,4.89,0.7534668721109399,False
NOVA IGUACU,2026-01-19,6.09,4.79,0.7865353037766831,False
PETROPOLIS,2026-01-19,6.79,5.49,0.8085419734904271,False
RESENDE,2026-01-19,6.09,4.89,0.8029556650246306,False
RIO BONITO,2026-01-19,6.16,4.79,0.7775974025974026,False
RIO DE JANEIRO,2026-01-19,6.19,4.94,0.7980613893376414,False
SANTO ANTONIO DE PADUA,2026-01-19,6.29,4.99,0.7933227344992051,False
SAO GONCALO,2026-01-19,6.19,4.89,0.7899838449111469,False
SAO JOAO DE MERITI,2026-01-19,6.04,4.89,0.8096026490066225,False
SAQUAREMA,2026-01-19,6.39,4.89,0.7652582159624413,False
TRES RIOS,2026-01-19,6.84,5.54,0.8099415204678363,False
VOLTA REDONDA,2026-01-19,6.49,5.13,0.7904468412942989,False
ANGRA DOS REIS,2026-01-26,6.79,5.39,0.7938144329896907,False
ARARUAMA,2026-01-26,6.49,4.89,0.7534668721109399,False
BARRA DO PIRAI,2026-01-26,6.635,5.335000000000001,0.8040693293142428,False
BARRA MANSA,2026-01-26,6.29,4.99,0.7933227344992051,False
BELFORD ROXO,2026-01-26,5.99,4.69,0.7829716193656094,False
CABO FRIO,2026-01-26,6.59,5.29,0.802731411229135,False
CAMPOS DOS GOYTACAZES,2026-01-26,6.69,5.0649999999999995,0.757100149476831,False
ITABORAI,2026-01-26,6.04,4.79,0.793046357615894,False
ITAPERUNA,2026-01-26,6.79,4.94,0.7275405007363771,False
MACAE,2026-01-26,6.55,5.19,0.7923664122137405,False
MARICA,2026-01-26,6.140000000000001,4.89,0.7964169381107491,False
NILOPOLIS,2026-01-26,5.99,4.79,0.7996661101836394,False
NITEROI,2026-01-26,5.89,4.79,0.8132427843803056,False
NOVA FRIBURGO,2026-01-26,6.49,4.95,0.7627118644067796,False
NOVA IGUACU,2026-01-26,6.09,4.89,0.8029556650246306,False
PETROPOLIS,2026-01-26,6.84,5.49,0.8026315789473685,False
RESENDE,2026-01-26,6.09,4.89,0.8029556650246306,False
RIO BONITO,2026-01-26,6.18,4.89,0.7912621359223301,False
RIO DE JANEIRO,2026-01-26,6.115,4.99,0.8160261651676206,False
SANTO ANTONIO DE PADUA,2026-01-26,6.39,5.09,0.7965571205007825,False
SAO GONCALO,2026-01-26,6.19,4.9399999999999995,0.7980613893376413,False
SAO JOAO DE MERITI,2026-01-26,6.07,4.89,0.8056013179571663,False
SAQUAREMA,2026-01-26,6.39,4.89,0.7652582159624413,False
TRES RIOS,2026-01-26,6.79,5.49,0.8085419734904271,False
VOLTA REDONDA,2026-01-26,6.49,5.18,0.798151001540832,False
ANGRA DOS REIS,2026-02-02,6.79,5.39,0.7938144329896907,False
ARARUAMA,2026-02-02,6.49,4.89,0.7534668721109399,False
BARRA DO PIRAI,2026-02-02,6.785,5.335000000000001,0.7862932940309507,False
BARRA MANSA,2026-02-02,6.29,4.99,0.7933227344992051,False
BELFORD ROXO,2026-02-02,5.99,4.84,0.8080133555926544,False
CABO FRIO,2026-02-02,6.59,5.29,0.802731411229135,False
DUQUE DE CAXIAS,2026-02-02,5.99,4.89,0.8163606010016694,False
ITABORAI,2026-02-02,5.99,4.89,0.8163606010016694,False
ITAPERUNA,2026-02-02,6.79,4.94,0.7275405007363771,False
MACAE,2026-02-02,6.55,5.19,0.7923664122137405,False
MARICA,2026-02-02,6.140000000000001,4.890000000000001,0.7964169381107492,False
NILOPOLIS,2026-02-02,5.99,4.79,0.7996661101836394,False
NITEROI,2026-02-02,5.99,4.89,0.8163606010016694,False
NOVA FRIBURGO,2026-02-02,6.49,4.92,0.7580893682588598,False
NOVA IGUACU,2026-02-02,5.99,4.79,0.7996661101836394,False
PETROPOLIS,2026-02-02,6.84,5.49,0.8026315789473685,False
RESENDE,2026-02-02,6.1899999999999995,5.09,0.8222940226171245,False
RIO BONITO,2026-02-02,6.18,4.89,0.7912621359223301,False
RIO DE JANEIRO,2026-02-02,6.09,4.99,0.8193760262725781,False
SANTO ANTONIO DE PADUA,2026-02-02,6.29,5.25,0.834658187599364,False
SAO GONCALO,2026-02-02,6.18,4.99,0.807443365695793,False
SAO JOAO DE MERITI,2026-02-02,6.07,4.89,0.8056013179571663,False
SAQUAREMA,2026-02-02,6.39,4.89,0.7652582159624413,False
TRES RIOS,2026-02-02,6.79,5.49,0.8085419734904271,False
VALENCA,2026-02-02,6.529999999999999,5.09,0.77947932618683,False
VOLTA REDONDA,2026-02-02,6.49,5.19,0.7996918335901387,False
ANGRA DOS REIS,2026-02-09,6.79,5.49,0.8085419734904271,False
ARARUAMA,2026-02-09,6.49,4.99,0.7688751926040062,False
BARRA DO PIRAI,2026-02-09,6.785,5.335000000000001,0.7862932940309507,False
BARRA MANSA,2026-02-09,6.29,4.99,0.7933227344992051,False
BELFORD ROXO,2026-02-09,5.99,4.79,0.7996661101836394,False
CABO FRIO,2026-02-09,6.59,5.29,0.802731411229135,False
CAMPOS DOS GOYTACAZES,2026-02-09,6.69,5.0649999999999995,0.757100149476831,False
DUQUE DE CAXIAS,2026-02-09,5.99,4.87,0.8130217028380634,False
ITABORAI,2026-02-09,6.04,4.99,0.826158940397351,False
ITAPERUNA,2026-02-09,6.79,4.94,0.7275405007363771,False
MACAE,2026-02-09,6.55,5.19,0.7923664122137405,False
MARICA,2026-02-09,6.140000000000001,4.890000000000001,0.7964169381107492,False
NILOPOLIS,2026-02-09,5.99,4.79,0.7996661101836394,False
NITEROI,2026-02-09,6.09,4.89,0.8029556650246306,False
NOVA FRIBURGO,2026-02-09,6.49,4.95,0.7627118644067796,False
NOVA IGUACU,2026-02-09,6.04,4.89,0.8096026490066225,False
PETROPOLIS,2026-02-09,6.89,5.54,0.8040638606676342,False
RESENDE,2026-02-09,6.1899999999999995,5.09,0.8222940226171245,False
RIO BONITO,2026-02-09,6.18,4.89,0.7912621359223301,False
RIO DE JANEIRO,2026-02-09,6.14,4.99,0.8127035830618893,False
SANTO ANTONIO DE PADUA,2026-02-09,6.29,5.39,0.8569157392686804,False
SAO GONCALO,2026-02-09,6.19,5.04,0.81421647819063,False
SAO JOAO DE MERITI,2026-02-09,6.02,4.9350000000000005,0.8197674418604652,False
SAQUAREMA,2026-02-09,6.44,5.09,0.7903726708074533,False
TRES RIOS,2026-02-09,6.84,5.49,0.8026315789473685,False
VALENCA,2026-02-09,6.37,5.09,0.7990580847723705,False
VOLTA REDONDA,2026-02-09,6.49,5.18,0.798151001540832,False
ANGRA DOS REIS,2026-02-16,6.8100000000000005,5.49,0.8061674008810572,False
ARARUAMA,2026-02-16,6.49,4.99,0.7688751926040062,False
BARRA DO PIRAI,2026-02-16,6.785,5.335000000000001,0.7862932940309507,False
BARRA MANSA,2026-02-16,6.29,4.99,0.7933227344992051,False
BELFORD ROXO,2026-02-16,5.99,4.79,0.7996661101836394,False
CABO FRIO,2026-02-16,6.59,5.29,0.802731411229135,False
CAMPOS DOS GOYTACAZES,2026-02-16,6.69,5.09,0.7608370702541105,False
DUQUE DE CAXIAS,2026-02-16,6.03,4.89,0.8109452736318407,False
ITABORAI,2026-02-16,6.015000000000001,4.99,0.829592684954281,False
ITAPERUNA,2026-02-16,6.79,4.965,0.7312223858615611,False
MACAE,2026-02-16,6.55,5.19,0.7923664122137405,False
MARICA,2026-02-16,6.19,4.99,0.8061389337641357,False
NILOPOLIS,2026-02-16,5.99,4.79,0.7996661101836394,False
NITEROI,2026-02-16,5.99,4.89,0.8163606010016694,False
NOVA FRIBURGO,2026-02-16,6.49,4.92,0.7580893682588598,False
NOVA IGUACU,2026-02-16,6.09,4.99,0.8193760262725781,False
PETROPOLIS,2026-02-16,6.89,5.59,0.8113207547169812,False
RESENDE,2026-02-16,6.09,4.99,0.8193760262725781,False
RIO BONITO,2026-02-16,6.18,4.89,0.7912621359223301,False
RIO DE JANEIRO,2026-02-16,6.095,4.99,0.8187038556193602,False
SANTO ANTONIO DE PADUA,2026-02-16,6.39,5.39,0.8435054773082942,False
SAO GONCALO,2026-02-16,5.99,4.99,0.8330550918196995,False
SAO JOAO DE MERITI,2026-02-16,5.99,4.98,0.8313856427378965,False
SAQUAREMA,2026-02-16,6.49,5.19,0.7996918335901387,False
TRES RIOS,2026-02-16,6.89,5.59,0.8113207547169812,False
VALENCA,2026-02-16,6.47,4.99,0.7712519319938177,False
VOLTA REDONDA,2026-02-16,6.49,5.18,0.798151001540832,False
ANGRA DOS REIS,2026-02-23,6.79,5.49,0.8085419734904271,False
ARARUAMA,2026-02-23,6.49,4.99,0.7688751926040062,False
BARRA DO PIRAI,2026-02-23,6.785,5.335000000000001,0.7862932940309507,False
BARRA MANSA,2026-02-23,6.29,5.035,0.800476947535771,False
BELFORD ROXO,2026-02-23,5.99,4.79,0.7996661101836394,False
CABO FRIO,2026-02-23,6.59,5.29,0.802731411229135,False
CAMPOS DOS GOYTACAZES,2026-02-23,6.69,5.09,0.7608370702541105,False
DUQUE DE CAXIAS,2026-02-23,5.99,4.79,0.7996661101836394,False
ITABORAI,2026-02-23,6.04,4.9399999999999995,0.8178807947019867,False
ITAPERUNA,2026-02-23,6.79,4.99,0.7349042709867453,False
MACAE,2026-02-23,6.55,5.19,0.7923664122137405,False
MARICA,2026-02-23,6.140000000000001,4.890000000000001,0.7964169381107492,False
NILOPOLIS,2026-02-23,5.99,4.79,0.7996661101836394,False
NITEROI,2026-02-23,6.09,4.89,0.8029556650246306,False
NOVA FRIBURGO,2026-02-23,6.59,4.970000000000001,0.7541729893778454,False
NOVA IGUACU,2026-02-23,6.04,4.89,0.8096026490066225,False
PETROPOLIS,2026-02-23,6.84,5.49,0.8026315789473685,False
RESENDE,2026-02-23,6.09,5.04,0.8275862068965517,False
RIO BONITO,2026-02-23,6.18,4.915,0.7953074433656958,False
RIO DE JANEIRO,2026-02-23,6.09,4.99,0.8193760262725781,False
SANTO ANTONIO DE PADUA,2026-02-23,6.39,5.39,0.8435054773082942,False
SAO GONCALO,2026-02-23,6.09,4.99,0.8193760262725781,False
SAO JOAO DE MERITI,2026-02-23,5.99,4.98,0.8313856427378965,False
SAQUAREMA,2026-02-23,6.49,5.09,0.7842835130970723,False
TRES RIOS,2026-02-23,6.84,5.54,0.8099415204678363,False
VALENCA,2026-02-23,6.47,5.09,0.7867078825347759,False
VOLTA REDONDA,2026-02-23,6.49,5.18,0.798151001540832,False
ANGRA DOS REIS,2026-03-02,6.79,5.49,0.8085419734904271,False
ARARUAMA,2026-03-02,6.49,4.99,0.7688751926040062,False
BARRA DO PIRAI,2026-03-02,6.785,5.335000000000001,0.7862932940309507,False
BARRA MANSA,2026-03-02,6.29,4.99,0.7933227344992051,False
BELFORD ROXO,2026-03-02,5.99,4.79,0.7996661101836394,False
CABO FRIO,2026-03-02,6.59,5.29,0.802731411229135,False
CAMPOS DOS GOYTACAZES,2026-03-02,6.69,5.09,0.7608370702541105,False
DUQUE DE CAXIAS,2026-03-02,5.99,4.87,0.8130217028380634,False
ITABORAI,2026-03-02,6.04,4.9399999999999995,0.8178807947019867,False
ITAPERUNA,2026-03-02,6.79,4.94,0.7275405007363771,False
MACAE,2026-03-02,6.55,5.19,0.7923664122137405,False
MARICA,2026-03-02,6.140000000000001,4.890000000000001,0.7964169381107492,False
NILOPOLIS,2026-03-02,5.99,4.79,0.7996661101836394,False
NITEROI,2026-03-02,5.99,4.89,0.8163606010016694,False
NOVA FRIBURGO,2026-03-02,6.59,4.970000000000001,0.7541729893778454,False
NOVA IGUACU,2026-03-02,5.99,4.89,0.8163606010016694,False
PETROPOLIS,2026-03-02,6.79,5.49,0.8085419734904271,False
RESENDE,2026-03-02,5.99,5.04,0.8414023372287145,False
RIO BONITO,2026-03-02,6.18,4.89,0.7912621359223301,False
RIO DE JANEIRO,2026-03-02,6.14,4.99,0.8127035830618893,False
SANTO ANTONIO DE PADUA,2026-03-02,6.39,5.39,0.8435054773082942,False
SAO GONCALO,2026-03-02,6.09,4.99,0.8193760262725781,False
SAO JOAO DE MERITI,2026-03-02,5.99,4.98,0.8313856427378965,False
SAQUAREMA,2026-03-02,6.39,4.99,0.780907668231612,False
TRES RIOS,2026-03-02,6.89,5.59,0.8113207547169812,False
VALENCA,2026-03-02,6.33,4.99,0.788309636650869,False
VOLTA REDONDA,2026-03-02,6.49,5.18,0.798151001540832,False
ANGRA DOS REIS,2026-03-09,6.82,5.69,0.8343108504398827,False
ARARUAMA,2026-03-09,6.59,4.99,0.7572078907435509,False
BARRA DO PIRAI,2026-03-09,6.785,5.385,0.793662490788504,False
BARRA MANSA,2026-03-09,6.29,5.08,0.8076311605723371,False
BELFORD ROXO,2026-03-09,5.99,4.79,0.7996661101836394,False
CABO FRIO,2026-03-09,6.59,5.29,0.802731411229135,False
DUQUE DE CAXIAS,2026-03-09,6.19,4.89,0.7899838449111469,False
ITABORAI,2026-03-09,6.09,4.915,0.8070607553366175,False
ITAPERUNA,2026-03-09,6.99,5.165,0.7389127324749643,False
MACAE,2026-03-09,6.55,5.19,0.7923664122137405,False
MARICA,2026-03-09,6.19,4.99,0.8061389337641357,False
NILOPOLIS,2026-03-09,6.140000000000001,4.79,0.780130293159609,False
NITEROI,2026-03-09,6.19,4.99,0.8061389337641357,False
NOVA FRIBURGO,2026-03-09,6.99,4.99,0.7138769670958512,False
NOVA IGUACU,2026-03-09,6.09,4.99,0.8193760262725781,False
PETROPOLIS,2026-03-09,6.89,5.54,0.8040638606676342,False
RESENDE,2026-03-09,6.24,5.04,0.8076923076923077,False
RIO BONITO,2026-03-09,6.47,5.09,0.7867078825347759,False
RIO DE JANEIRO,2026-03-09,6.18,5.02,0.8122977346278317,False
SANTO ANTONIO DE PADUA,2026-03-09,6.49,5.39,0.8305084745762711,False
SAO GONCALO,2026-03-09,6.09,4.99,0.8193760262725781,False
SAO JOAO DE MERITI,2026-03-09,6.09,4.98,0.8177339901477834,False
SAQUAREMA,2026-03-09,6.49,5.19,0.7996918335901387,False
TRES RIOS,2026-03-09,6.89,5.59,0.8113207547169812,False
VOLTA REDONDA,2026-03-09,6.59,5.1850000000000005,0.7867981790591807,False
ANGRA DOS REIS,2026-03-16,7.29,5.69,0.7805212620027435,False
ARARUAMA,2026-03-16,7.39,5.09,0.6887686062246279,True
BARRA DO PIRAI,2026-03-16,6.99,5.535,0.7918454935622318,False
BARRA MANSA,2026-03-16,6.59,5.09,0.7723823975720789,False
BELFORD ROXO,2026-03-16,6.49,4.9399999999999995,0.761171032357473,False
CABO FRIO,2026-03-16,6.785,5.43,0.8002947678703021,False
CAMPOS DOS GOYTACAZES,2026-03-16,6.99,5.29,0.7567954220314735,False
DUQUE DE CAXIAS,2026-03-16,6.47,4.99,0.7712519319938177,False
ITABORAI,2026-03-16,6.29,4.99,0.7933227344992051,False
ITAPERUNA,2026-03-16,6.99,5.19,0.7424892703862661,False
MACAE,2026-03-16,6.55,5.19,0.7923664122137405,False
MARICA,2026-03-16,6.640000000000001,4.99,0.7515060240963856,False
NILOPOLIS,2026-03-16,6.49,4.99,0.7688751926040062,False
NITEROI,2026-03-16,6.29,4.99,0.7933227344992051,False
NOVA FRIBURGO,2026-03-16,7.09,5.095,0.7186177715091678,False
NOVA IGUACU,2026-03-16,6.29,4.99,0.7933227344992051,False
PETROPOLIS,2026-03-16,6.9399999999999995,5.49,0.7910662824207494,False
RESENDE,2026-03-16,6.59,5.140000000000001,0.7799696509863431,False
RIO BONITO,2026-03-16,6.68,5.09,0.7619760479041916,False
RIO DE JANEIRO,2026-03-16,6.39,5.09,0.7965571205007825,False
SANTO ANTONIO DE PADUA,2026-03-16,6.59,5.29,0.802731411229135,False
SAO GONCALO,2026-03-16,6.29,4.99,0.7933227344992051,False
SAO JOAO DE MERITI,2026-03-16,6.19,5.03,0.8126009693053312,False
SAQUAREMA,2026-03-16,7.17,5.24,0.7308228730822873,False
TRES RIOS,2026-03-16,6.9399999999999995,5.640000000000001,0.8126801152737754,False
VALENCA,2026-03-16,6.59,5.15,0.7814871016691958,False
VOLTA REDONDA,2026-03-16,6.79,5.29,0.7790868924889544,False
ANGRA DOS REIS,2026-03-23,7.29,5.69,0.7805212620027435,False
ARARUAMA,2026-03-23,7.19,5.29,0.7357440890125173,False
BARRA DO PIRAI,2026-03-23,7.09,5.535,0.7806770098730607,False
BARRA MANSA,2026-03-23,6.985,5.19,0.7430207587687903,False
BELFORD ROXO,2026-03-23,6.59,5.19,0.7875569044006071,False
CABO FRIO,2026-03-23,6.885,5.39,0.7828612926652142,False
CAMPOS DOS GOYTACAZES,2026-03-23,7.29,5.29,0.7256515775034293,False
DUQUE DE CAXIAS,2026-03-23,6.57,4.99,0.7595129375951294,False
ITABORAI,2026-03-23,6.59,4.99,0.7572078907435509,False
ITAPERUNA,2026-03-23,7.27,5.3,0.7290233837689134,False
MACAE,2026-03-23,6.77,5.29,0.7813884785819794,False
MARICA,2026-03-23,6.89,5.29,0.7677793904208999,False
NILOPOLIS,2026-03-23,6.835,4.99,0.7300658376005853,False
NOVA FRIBURGO,2026-03-23,7.29,5.17,0.7091906721536351,False
NOVA IGUACU,2026-03-23,6.640000000000001,5.19,0.7816265060240963,False
PETROPOLIS,2026-03-23,6.99,5.49,0.7854077253218884,False
RESENDE,2026-03-23,6.89,5.39,0.7822931785195936,False
RIO BONITO,2026-03-23,6.88,5.19,0.7543604651162792,False
RIO DE JANEIRO,2026-03-23,6.59,5.09,0.7723823975720789,False
SANTO ANTONIO DE PADUA,2026-03-23,6.99,5.390000000000001,0.7711015736766811,False
SAO GONCALO,2026-03-23,6.59,5.09,0.7723823975720789,False
SAO JOAO DE MERITI,2026-03-23,6.49,5.08,0.7827426810477658,False
SAQUAREMA,2026-03-23,7.29,5.29,0.7256515775034293,False
VALENCA,2026-03-23,6.95,5.19,0.7467625899280576,False
VOLTA REDONDA,2026-03-23,7.19,5.29,0.7357440890125173,False
ANGRA DOS REIS,2026-03-30,7.385,5.69,0.7704807041299933,False
ARARUAMA,2026-03-30,6.99,5.29,0.7567954220314735,False
BARRA DO PIRAI,2026-03-30,7.140000000000001,5.39,0.7549019607843136,False
BARRA MANSA,2026-03-30,6.99,5.24,0.7496423462088698,False
CABO FRIO,2026-03-30,6.9399999999999995,5.4350000000000005,0.7831412103746399,False
ITABORAI,2026-03-30,6.640000000000001,5.04,0.7590361445783131,False
MACAE,2026-03-30,6.75,5.29,0.7837037037037037,False
MARICA,2026-03-30,6.74,4.89,0.7255192878338278,False
NILOPOLIS,2026-03-30,6.835,4.99,0.7300658376005853,False
NITEROI,2026-03-30,6.59,4.99,0.7572078907435509,False
NOVA FRIBURGO,2026-03-30,7.19,5.09,0.7079276773296245,False
NOVA IGUACU,2026-03-30,6.59,5.09,0.7723823975720789,False
PETROPOLIS,2026-03-30,7.18,5.49,0.764623955431755,False
RESENDE,2026-03-30,6.84,5.39,0.7880116959064327,False
RIO DE JANEIRO,2026-03-30,6.59,5.09,0.7723823975720789,False
SANTO ANTONIO DE PADUA,2026-03-30,6.99,5.19,0.7424892703862661,False
SAO GONCALO,2026-03-30,6.59,5.09,0.7723823975720789,False
SAO JOAO DE MERITI,2026-03-30,6.49,5.08,0.7827426810477658,False
SAQUAREMA,2026-03-30,6.99,5.29,0.7567954220314735,False
VOLTA REDONDA,2026-03-30,7.19,5.29,0.7357440890125173,False
ITAPERUNA,2026-04-27,7.29,5.29,0.7256515775034293,False
MACAE,2026-04-27,6.89,5.295,0.7685050798258346,False
ANGRA DOS REIS,2026-05-04,7.06,5.69,0.8059490084985836,False
ARARUAMA,2026-05-04,6.99,5.19,0.7424892703862661,False
BARRA DO PIRAI,2026-05-04,7.085,5.68,0.8016937191249117,False
BARRA MANSA,2026-05-04,6.95,5.08,0.7309352517985611,False
CABO FRIO,2026-05-04,6.9350000000000005,5.38,0.77577505407354,False
ITABORAI,2026-05-04,6.59,4.99,0.7572078907435509,False
MACAE,2026-05-04,6.75,5.29,0.7837037037037037,False
MARICA,2026-05-04,6.640000000000001,4.890000000000001,0.7364457831325302,False
NITEROI,2026-05-04,6.49,4.8149999999999995,0.7419106317411401,False
NOVA FRIBURGO,2026-05-04,6.99,4.99,0.7138769670958512,False
PETROPOLIS,2026-05-04,7.24,5.49,0.7582872928176796,False
RESENDE,2026-05-04,6.59,5.09,0.7723823975720789,False
RIO BONITO,2026-05-04,6.67,4.99,0.7481259370314843,False
RIO DE JANEIRO,2026-05-04,6.49,4.98,0.7673343605546996,False
SANTO ANTONIO DE PADUA,2026-05-04,6.79,4.915,0.7238586156111929,False
SAO GONCALO,2026-05-04,6.59,4.89,0.7420333839150227,False
SAQUAREMA,2026-05-04,6.89,5.19,0.7532656023222062,False
TRES RIOS,2026-05-04,7.24,5.640000000000001,0.7790055248618785,False
VALENCA,2026-05-04,6.89,5.140000000000001,0.7460087082728594,False
VOLTA REDONDA,2026-05-04,7.09,5.279999999999999,0.7447108603667136,False
ANGRA DOS REIS,2026-05-11,7.19,5.59,0.7774687065368567,False
ARARUAMA,2026-05-11,6.99,5.09,0.7281831187410586,False
BARRA DO PIRAI,2026-05-11,6.98,5.09,0.7292263610315186,False
BARRA MANSA,2026-05-11,6.89,4.985,0.723512336719884,False
BELFORD ROXO,2026-05-11,6.34,4.890000000000001,0.7712933753943219,False
CABO FRIO,2026-05-11,6.93,5.38,0.7763347763347763,False
DUQUE DE CAXIAS,2026-05-11,6.39,4.77,0.7464788732394366,False
ITABORAI,2026-05-11,6.59,4.99,0.7572078907435509,False
ITAPERUNA,2026-05-11,6.99,4.99,0.7138769670958512,False
MACAE,2026-05-11,6.75,5.29,0.7837037037037037,False
MARICA,2026-05-11,6.6899999999999995,4.82,0.7204783258594919,False
NILOPOLIS,2026-05-11,6.39,4.79,0.7496087636932708,False
NITEROI,2026-05-11,6.59,4.89,0.7420333839150227,False
NOVA FRIBURGO,2026-05-11,6.99,4.99,0.7138769670958512,False
NOVA IGUACU,2026-05-11,6.59,4.99,0.7572078907435509,False
PETROPOLIS,2026-05-11,7.29,5.59,0.766803840877915,False
RESENDE,2026-05-11,6.49,4.91,0.7565485362095532,False
RIO BONITO,2026-05-11,6.68,4.93,0.7380239520958084,False
RIO DE JANEIRO,2026-05-11,6.49,4.89,0.7534668721109399,False
SANTO ANTONIO DE PADUA,2026-05-11,6.69,4.74,0.7085201793721972,False
SAO GONCALO,2026-05-11,6.59,4.89,0.7420333839150227,False
SAO JOAO DE MERITI,2026-05-11,6.39,4.77,0.7464788732394366,False
SAQUAREMA,2026-05-11,6.89,4.99,0.7242380261248187,False
TRES RIOS,2026-05-11,7.19,5.59,0.7774687065368567,False
VALENCA,2026-05-11,6.89,4.99,0.7242380261248187,False
VOLTA REDONDA,2026-05-11,6.99,5.115,0.7317596566523605,False
ANGRA DOS REIS,2026-05-18,7.19,5.62,0.7816411682892906,False
ARARUAMA,2026-05-18,6.99,5.09,0.7281831187410586,False
BARRA DO PIRAI,2026-05-18,6.985,5.29,0.7573371510379384,False
BARRA MANSA,2026-05-18,6.89,4.89,0.7097242380261248,False
BELFORD ROXO,2026-05-18,6.425,4.99,0.7766536964980545,False
CABO FRIO,2026-05-18,6.93,5.335,0.7698412698412699,False
CAMPOS DOS GOYTACAZES,2026-05-18,6.69,4.89,0.7309417040358743,False
DUQUE DE CAXIAS,2026-05-18,6.39,4.69,0.7339593114241002,False
ITABORAI,2026-05-18,6.49,4.745,0.7311248073959938,False
ITAPERUNA,2026-05-18,6.9399999999999995,4.9399999999999995,0.7118155619596541,False
MACAE,2026-05-18,6.75,5.29,0.7837037037037037,False
MARICA,2026-05-18,6.640000000000001,4.79,0.7213855421686747,False
NILOPOLIS,2026-05-18,6.39,4.74,0.7417840375586855,False
NITEROI,2026-05-18,6.49,4.79,0.7380585516178736,False
NOVA FRIBURGO,2026-05-18,6.99,4.99,0.7138769670958512,False
NOVA IGUACU,2026-05-18,6.54,4.89,0.7477064220183486,False
PETROPOLIS,2026-05-18,7.225,5.49,0.7598615916955018,False
RESENDE,2026-05-18,6.48,4.88,0.7530864197530863,False
RIO BONITO,2026-05-18,6.68,4.904999999999999,0.7342814371257484,False
RIO DE JANEIRO,2026-05-18,6.49,4.89,0.7534668721109399,False
SANTO ANTONIO DE PADUA,2026-05-18,6.69,4.74,0.7085201793721972,False
SAO GONCALO,2026-05-18,6.59,4.89,0.7420333839150227,False
SAO JOAO DE MERITI,2026-05-18,6.425,4.73,0.7361867704280156,False
SAQUAREMA,2026-05-18,6.89,4.99,0.7242380261248187,False
TRES RIOS,2026-05-18,7.19,5.59,0.7774687065368567,False
VALENCA,2026-05-18,6.89,4.99,0.7242380261248187,False
VOLTA REDONDA,2026-05-18,6.98,5.085,0.7285100286532951,False
ANGRA DOS REIS,2026-05-25,7.19,5.59,0.7774687065368567,False
ARARUAMA,2026-05-25,6.99,5.09,0.7281831187410586,False
BARRA DO PIRAI,2026-05-25,6.985,5.1899999999999995,0.7430207587687901,False
BARRA MANSA,2026-05-25,6.89,4.98,0.7227866473149493,False
BELFORD ROXO,2026-05-25,6.425,4.99,0.7766536964980545,False
CABO FRIO,2026-05-25,6.93,5.335,0.7698412698412699,False
DUQUE DE CAXIAS,2026-05-25,6.39,4.69,0.7339593114241002,False
ITABORAI,2026-05-25,6.49,4.57,0.7041602465331279,False
ITAPERUNA,2026-05-25,6.99,4.89,0.6995708154506437,True
MACAE,2026-05-25,6.75,5.29,0.7837037037037037,False
MARICA,2026-05-25,6.62,4.82,0.7280966767371602,False
NILOPOLIS,2026-05-25,6.39,4.69,0.7339593114241002,False
NITEROI,2026-05-25,6.49,4.76,0.7334360554699537,False
NOVA FRIBURGO,2026-05-25,6.99,4.9399999999999995,0.7067238912732474,False
NOVA IGUACU,2026-05-25,6.49,4.83,0.7442218798151001,False
PETROPOLIS,2026-05-25,7.24,5.49,0.7582872928176796,False
RESENDE,2026-05-25,6.404999999999999,4.67,0.7291178766588603,False
RIO BONITO,2026-05-25,6.68,4.88,0.7305389221556886,False
RIO DE JANEIRO,2026-05-25,6.49,4.885,0.7526964560862865,False
SANTO ANTONIO DE PADUA,2026-05-25,6.69,4.6850000000000005,0.7002989536621824,False
SAO GONCALO,2026-05-25,6.49,4.79,0.7380585516178736,False
SAO JOAO DE MERITI,2026-05-25,6.39,4.73,0.7402190923317685,False
SAQUAREMA,2026-05-25,6.89,4.99,0.7242380261248187,False
TRES RIOS,2026-05-25,7.19,5.59,0.7774687065368567,False
VALENCA,2026-05-25,6.84,4.99,0.7295321637426901,False
VOLTA REDONDA,2026-05-25,6.98,5.085,0.7285100286532951,False
ANGRA DOS REIS,2026-06-01,7.19,5.59,0.7774687065368567,False
ARARUAMA,2026-06-01,6.99,5.09,0.7281831187410586,False
BARRA DO PIRAI,2026-06-01,6.99,5.29,0.7567954220314735,False
BARRA MANSA,2026-06-01,6.89,4.98,0.7227866473149493,False
BELFORD ROXO,2026-06-01,6.425,4.99,0.7766536964980545,False
CABO FRIO,2026-06-01,6.93,5.335,0.7698412698412699,False
CAMPOS DOS GOYTACAZES,2026-06-01,6.69,4.89,0.7309417040358743,False
DUQUE DE CAXIAS,2026-06-01,6.43,4.67,0.7262830482115086,False
ITABORAI,2026-06-01,6.49,4.84,0.7457627118644067,False
ITAPERUNA,2026-06-01,6.89,4.89,0.7097242380261248,False
MACAE,2026-06-01,6.75,5.29,0.7837037037037037,False
MARICA,2026-06-01,6.640000000000001,4.82,0.7259036144578314,False
NILOPOLIS,2026-06-01,6.585,4.69,0.7122247532270312,False
NITEROI,2026-06-01,6.49,4.69,0.7226502311248074,False
NOVA FRIBURGO,2026-06-01,6.99,4.99,0.7138769670958512,False
NOVA IGUACU,2026-06-01,6.415,4.89,0.7622759158222915,False
PETROPOLIS,2026-06-01,7.24,5.49,0.7582872928176796,False
RESENDE,2026-06-01,6.39,4.67,0.730829420970266,False
RIO BONITO,2026-06-01,6.68,4.88,0.7305389221556886,False
RIO DE JANEIRO,2026-06-01,6.49,4.79,0.7380585516178736,False
SANTO ANTONIO DE PADUA,2026-06-01,6.69,4.6850000000000005,0.7002989536621824,False
SAO GONCALO,2026-06-01,6.49,4.79,0.7380585516178736,False
SAO JOAO DE MERITI,2026-06-01,6.425,4.72,0.7346303501945525,False
SAQUAREMA,2026-06-01,6.89,4.99,0.7242380261248187,False
TRES RIOS,2026-06-01,7.19,5.59,0.7774687065368567,False
VALENCA,2026-06-01,6.79,4.98,0.7334315169366716,False
VOLTA REDONDA,2026-06-01,6.98,5.085,0.7285100286532951,False
ANGRA DOS REIS,2026-06-08,7.165,5.59,0.7801814375436148,False
ARARUAMA,2026-06-08,6.99,5.09,0.7281831187410586,False
BARRA DO PIRAI,2026-06-08,6.985,5.1899999999999995,0.7430207587687901,False
BARRA MANSA,2026-06-08,6.92,4.835000000000001,0.6986994219653181,True
BELFORD ROXO,2026-06-08,6.425,4.59,0.7143968871595331,False
CABO FRIO,2026-06-08,6.89,5.140000000000001,0.7460087082728594,False
CAMPOS DOS GOYTACAZES,2026-06-08,6.69,4.9399999999999995,0.7384155455904333,False
DUQUE DE CAXIAS,2026-06-08,6.39,4.67,0.730829420970266,False
ITABORAI,2026-06-08,6.49,4.720000000000001,0.7272727272727273,False
ITAPERUNA,2026-06-08,6.89,4.869999999999999,0.706821480406386,False
MACAE,2026-06-08,6.75,5.29,0.7837037037037037,False
MARICA,2026-06-08,6.74,4.79,0.7106824925816023,False
NILOPOLIS,2026-06-08,6.574999999999999,4.6850000000000005,0.7125475285171105,False
NITEROI,2026-06-08,6.49,4.74,0.7303543913713405,False
NOVA FRIBURGO,2026-06-08,6.99,4.99,0.7138769670958512,False
NOVA IGUACU,2026-06-08,6.465,4.79,0.7409126063418408,False
PETROPOLIS,2026-06-08,7.24,5.49,0.7582872928176796,False
RESENDE,2026-06-08,6.58,4.67,0.709726443768997,False
RIO BONITO,2026-06-08,6.725,4.88,0.7256505576208179,False
RIO DE JANEIRO,2026-06-08,6.505,4.79,0.7363566487317448,False
SANTO ANTONIO DE PADUA,2026-06-08,6.69,4.635,0.6928251121076232,True
SAO GONCALO,2026-06-08,6.49,4.79,0.7380585516178736,False
SAO JOAO DE MERITI,2026-06-08,6.4399999999999995,4.63,0.718944099378882,False
SAQUAREMA,2026-06-08,6.89,4.99,0.7242380261248187,False
TRES RIOS,2026-06-08,7.19,5.59,0.7774687065368567,False
VALENCA,2026-06-08,6.82,4.99,0.7316715542521994,False
VOLTA REDONDA,2026-06-08,6.98,5.085,0.7285100286532951,False
ANGRA DOS REIS,2026-06-15,7.1850000000000005,5.59,0.778009742519137,False
ARARUAMA,2026-06-15,6.99,5.04,0.721030042918455,False
BARRA DO PIRAI,2026-06-15,6.985,5.1850000000000005,0.7423049391553329,False
BARRA MANSA,2026-06-15,6.92,4.835000000000001,0.6986994219653181,True
CABO FRIO,2026-06-15,6.89,5.140000000000001,0.7460087082728594,False
CAMPOS DOS GOYTACAZES,2026-06-15,6.79,4.99,0.7349042709867453,False
ITABORAI,2026-06-15,6.49,4.640000000000001,0.7149460708782743,False
ITAPERUNA,2026-06-15,6.89,4.82,0.6995645863570392,True
MACAE,2026-06-15,6.75,5.29,0.7837037037037037,False
MARICA,2026-06-15,6.89,4.74,0.6879535558780843,True
NITEROI,2026-06-15,6.69,4.69,0.7010463378176383,False
NOVA FRIBURGO,2026-06-15,6.99,4.99,0.7138769670958512,False
NOVA IGUACU,2026-06-15,6.59,4.79,0.7268588770864947,False
PETROPOLIS,2026-06-15,7.19,5.49,0.7635605006954103,False
RESENDE,2026-06-15,6.54,4.640000000000001,0.7094801223241591,False
RIO BONITO,2026-06-15,6.805,4.88,0.7171197648787656,False
RIO DE JANEIRO,2026-06-15,6.49,4.79,0.7380585516178736,False
SANTO ANTONIO DE PADUA,2026-06-15,6.69,4.635,0.6928251121076232,True
SAO GONCALO,2026-06-15,6.69,4.79,0.7159940209267563,False
SAO JOAO DE MERITI,2026-06-15,6.4399999999999995,4.63,0.718944099378882,False
SAQUAREMA,2026-06-15,6.89,4.99,0.7242380261248187,False
TRES RIOS,2026-06-15,7.19,5.59,0.7774687065368567,False
VALENCA,2026-06-15,6.82,4.99,0.7316715542521994,False
VOLTA REDONDA,2026-06-15,6.98,5.085,0.7285100286532951,False
ANGRA DOS REIS,2026-06-22,7.125,5.62,0.7887719298245615,False
ARARUAMA,2026-06-22,6.99,4.99,0.7138769670958512,False
BARRA DO PIRAI,2026-06-22,6.9399999999999995,5.09,0.7334293948126801,False
BARRA MANSA,2026-06-22,6.89,4.88,0.7082728592162555,False
BELFORD ROXO,2026-06-22,6.49,4.79,0.7380585516178736,False
CABO FRIO,2026-06-22,6.89,5.09,0.7387518142235123,False
ITABORAI,2026-06-22,6.49,4.640000000000001,0.7149460708782743,False
ITAPERUNA,2026-06-22,6.89,4.77,0.6923076923076923,True
MACAE,2026-06-22,6.75,5.29,0.7837037037037037,False
MARICA,2026-06-22,6.9399999999999995,4.39,0.6325648414985591,True
NITEROI,2026-06-22,6.59,4.69,0.7116843702579667,False
NOVA FRIBURGO,2026-06-22,6.99,4.99,0.7138769670958512,False
NOVA IGUACU,2026-06-22,6.54,4.79,0.7324159021406728,False
PETROPOLIS,2026-06-22,7.24,5.49,0.7582872928176796,False
RESENDE,2026-06-22,6.58,4.57,0.6945288753799392,True
RIO BONITO,2026-06-22,6.805,4.88,0.7171197648787656,False
RIO DE JANEIRO,2026-06-22,6.49,4.79,0.7380585516178736,False
SANTO ANTONIO DE PADUA,2026-06-22,6.79,4.484999999999999,0.6605301914580264,True
SAO GONCALO,2026-06-22,6.59,4.79,0.7268588770864947,False
SAO JOAO DE MERITI,2026-06-22,6.41,4.63,0.7223088923556942,False
SAQUAREMA,2026-06-22,6.985,5.035,0.7208303507516106,False
TRES RIOS,2026-06-22,6.89,4.99,0.7242380261248187,False
VALENCA,2026-06-22,6.82,4.99,0.7316715542521994,False
VOLTA REDONDA,2026-06-22,6.98,5.085,0.7285100286532951,False
ANGRA DOS REIS,2026-06-29,7.09,5.59,0.7884344146685472,False
ARARUAMA,2026-06-29,6.99,4.99,0.7138769670958512,False
BARRA DO PIRAI,2026-06-29,6.985,5.1850000000000005,0.7423049391553329,False
BARRA MANSA,2026-06-29,6.89,4.69,0.6806966618287373,True
BELFORD ROXO,2026-06-29,6.475,4.59,0.708880308880309,False
CABO FRIO,2026-06-29,6.89,5.09,0.7387518142235123,False
CAMPOS DOS GOYTACAZES,2026-06-29,6.675000000000001,4.8149999999999995,0.7213483146067414,False
DUQUE DE CAXIAS,2026-06-29,6.47,4.59,0.7094281298299846,False
ITABORAI,2026-06-29,6.49,4.640000000000001,0.7149460708782743,False
ITAPERUNA,2026-06-29,6.84,4.75,0.6944444444444444,True
MACAE,2026-06-29,6.75,5.29,0.7837037037037037,False
MARICA,2026-06-29,6.89,4.74,0.6879535558780843,True
NILOPOLIS,2026-06-29,6.6850000000000005,4.6850000000000005,0.7008227374719521,False
NITEROI,2026-06-29,6.69,4.59,0.6860986547085202,True
NOVA FRIBURGO,2026-06-29,6.99,4.99,0.7138769670958512,False
NOVA IGUACU,2026-06-29,6.470000000000001,4.79,0.740340030911901,False
PETROPOLIS,2026-06-29,7.24,5.49,0.7582872928176796,False
RESENDE,2026-06-29,6.42,4.57,0.7118380062305296,False
RIO BONITO,2026-06-29,6.805,4.88,0.7171197648787656,False
RIO DE JANEIRO,2026-06-29,6.49,4.79,0.7380585516178736,False
SANTO ANTONIO DE PADUA,2026-06-29,6.79,4.29,0.6318114874815906,True
SAO GONCALO,2026-06-29,6.59,4.79,0.7268588770864947,False
SAO JOAO DE MERITI,2026-06-29,6.41,4.63,0.7223088923556942,False
SAQUAREMA,2026-06-29,6.89,4.99,0.7242380261248187,False
TRES RIOS,2026-06-29,6.89,4.89,0.7097242380261248,False
VALENCA,2026-06-29,6.82,4.99,0.7316715542521994,False
VOLTA REDONDA,2026-06-29,6.99,5.08,0.7267525035765379,False
ANGRA DOS REIS,2026-07-06,7.34,5.49,0.7479564032697548,False
ARARUAMA,2026-07-06,6.99,4.99,0.7138769670958512,False
BARRA DO PIRAI,2026-07-06,6.985,5.1850000000000005,0.7423049391553329,False
BARRA MANSA,2026-07-06,6.89,4.69,0.6806966618287373,True
CABO FRIO,2026-07-06,6.93,5.085,0.7337662337662338,False
ITABORAI,2026-07-06,6.49,4.640000000000001,0.7149460708782743,False
ITAPERUNA,2026-07-06,6.79,4.745,0.698821796759941,True
MACAE,2026-07-06,6.75,5.29,0.7837037037037037,False
MARICA,2026-07-06,6.59,4.640000000000001,0.7040971168437027,False
NITEROI,2026-07-06,6.59,4.65,0.7056145675265555,False
NOVA FRIBURGO,2026-07-06,6.869999999999999,4.779999999999999,0.6957787481804949,True
PETROPOLIS,2026-07-06,7.18,5.49,0.764623955431755,False
RESENDE,2026-07-06,6.42,4.57,0.7118380062305296,False
RIO BONITO,2026-07-06,6.74,4.83,0.7166172106824926,False
RIO DE JANEIRO,2026-07-06,6.49,4.79,0.7380585516178736,False
SANTO ANTONIO DE PADUA,2026-07-06,6.79,4.39,0.6465390279823269,True
SAO GONCALO,2026-07-06,6.59,4.79,0.7268588770864947,False
SAQUAREMA,2026-07-06,6.89,4.99,0.7242380261248187,False
TRES RIOS,2026-07-06,6.89,4.89,0.7097242380261248,False
VALENCA,2026-07-06,6.79,4.89,0.7201767304860088,False
VOLTA REDONDA,2026-07-06,6.96,5.07,0.7284482758620691,False
ANGRA DOS REIS,2026-07-13,7.19,5.59,0.7774687065368567,False
ARARUAMA,2026-07-13,6.99,4.99,0.7138769670958512,False
BARRA MANSA,2026-07-13,6.89,4.69,0.6806966618287373,True
BELFORD ROXO,2026-07-13,6.475,4.6899999999999995,0.7243243243243243,False
CABO FRIO,2026-07-13,6.89,5.085,0.7380261248185777,False
DUQUE DE CAXIAS,2026-07-13,6.48,4.54,0.7006172839506173,False
ITABORAI,2026-07-13,6.49,4.640000000000001,0.7149460708782743,False
ITAPERUNA,2026-07-13,6.83,4.74,0.6939970717423134,True
MACAE,2026-07-13,6.75,5.29,0.7837037037037037,False
MARICA,2026-07-13,6.640000000000001,4.640000000000001,0.6987951807228916,True
NILOPOLIS,2026-07-13,6.49,4.59,0.7072419106317411,False
NITEROI,2026-07-13,6.59,4.49,0.6813353566009105,True
NOVA FRIBURGO,2026-07-13,6.99,4.99,0.7138769670958512,False
NOVA IGUACU,2026-07-13,6.48,4.79,0.7391975308641975,False
PETROPOLIS,2026-07-13,7.24,5.49,0.7582872928176796,False
RESENDE,2026-07-13,6.42,4.57,0.7118380062305296,False
RIO BONITO,2026-07-13,6.74,4.83,0.7166172106824926,False
RIO DE JANEIRO,2026-07-13,6.49,4.79,0.7380585516178736,False
SANTO ANTONIO DE PADUA,2026-07-13,6.79,4.484999999999999,0.6605301914580264,True
SAO GONCALO,2026-07-13,6.59,4.79,0.7268588770864947,False
SAO JOAO DE MERITI,2026-07-13,6.38,4.63,0.725705329153605,False
SAQUAREMA,2026-07-13,6.89,4.99,0.7242380261248187,False
TRES RIOS,2026-07-13,6.89,4.99,0.7242380261248187,False
VALENCA,2026-07-13,6.77,4.89,0.7223042836041359,False
VOLTA REDONDA,2026-07-13,6.96,5.08,0.7298850574712644,False
ANGRA DOS REIS,2026-07-20,7.19,5.605,0.7795549374130737,False
ARARUAMA,2026-07-20,6.99,4.99,0.7138769670958512,False
BARRA DO PIRAI,2026-07-20,6.985,5.1850000000000005,0.7423049391553329,False
BARRA MANSA,2026-07-20,6.89,4.69,0.6806966618287373,True
BELFORD ROXO,2026-07-20,6.475,4.59,0.708880308880309,False
CABO FRIO,2026-07-20,6.88,5.035,0.7318313953488372,False
DUQUE DE CAXIAS,2026-07-20,6.49,4.59,0.7072419106317411,False
ITABORAI,2026-07-20,6.49,4.640000000000001,0.7149460708782743,False
ITAPERUNA,2026-07-20,6.79,4.745,0.698821796759941,True
MACAE,2026-07-20,6.75,5.29,0.7837037037037037,False
MARICA,2026-07-20,6.640000000000001,4.640000000000001,0.6987951807228916,True
NILOPOLIS,2026-07-20,6.49,4.59,0.7072419106317411,False
NITEROI,2026-07-20,6.59,4.49,0.6813353566009105,True
NOVA FRIBURGO,2026-07-20,6.99,4.99,0.7138769670958512,False
NOVA IGUACU,2026-07-20,6.465,4.79,0.7409126063418408,False
PETROPOLIS,2026-07-20,7.1850000000000005,5.49,0.7640918580375783,False
RESENDE,2026-07-20,6.42,4.57,0.7118380062305296,False
RIO BONITO,2026-07-20,6.76,4.97,0.735207100591716,False
RIO DE JANEIRO,2026-07-20,6.49,4.79,0.7380585516178736,False
SANTO ANTONIO DE PADUA,2026-07-20,6.69,4.484999999999999,0.670403587443946,True
SAO GONCALO,2026-07-20,6.59,4.79,0.7268588770864947,False
SAO JOAO DE MERITI,2026-07-20,6.38,4.59,0.719435736677116,False
SAQUAREMA,2026-07-20,6.89,4.99,0.7242380261248187,False
TRES RIOS,2026-07-20,6.89,4.99,0.7242380261248187,False
VALENCA,2026-07-20,6.77,4.89,0.7223042836041359,False
VOLTA REDONDA,2026-07-20,6.98,5.08,0.7277936962750716,False
ANGRA DOS REIS,2026-07-27,7.19,5.59,0.7774687065368567,False
ARARUAMA,2026-07-27,6.99,4.99,0.7138769670958512,False
BARRA DO PIRAI,2026-07-27,6.985,5.135,0.7351467430207587,False
BARRA MANSA,2026-07-27,6.89,4.69,0.6806966618287373,True
CABO FRIO,2026-07-27,6.88,4.99,0.7252906976744187,False
CAMPOS DOS GOYTACAZES,2026-07-27,6.69,4.69,0.7010463378176383,False
ITABORAI,2026-07-27,6.49,4.54,0.699537750385208,True
ITAPERUNA,2026-07-27,6.79,4.77,0.7025036818851251,False
MACAE,2026-07-27,6.75,5.29,0.7837037037037037,False
MARICA,2026-07-27,6.640000000000001,4.640000000000001,0.6987951807228916,True
NITEROI,2026-07-27,6.49,4.59,0.7072419106317411,False
NOVA FRIBURGO,2026-07-27,6.99,4.99,0.7138769670958512,False
PETROPOLIS,2026-07-27,7.18,5.49,0.764623955431755,False
RESENDE,2026-07-27,6.39,4.57,0.7151799687010956,False
RIO BONITO,2026-07-27,6.73,4.97,0.738484398216939,False
RIO DE JANEIRO,2026-07-27,6.49,4.625,0.7126348228043143,False
SANTO ANTONIO DE PADUA,2026-07-27,6.69,4.484999999999999,0.670403587443946,True
SAO GONCALO,2026-07-27,6.59,4.79,0.7268588770864947,False
SAQUAREMA,2026-07-27,6.89,4.99,0.7242380261248187,False
TRES RIOS,2026-07-27,6.84,4.89,0.7149122807017544,False
VALENCA,2026-07-27,6.85,4.89,0.7138686131386861,False
VOLTA REDONDA,2026-07-27,6.98,5.08,0.7277936962750716,False
ANGRA DOS REIS,2026-08-03,7.09,5.59,0.7884344146685472,False
ARARUAMA,2026-08-03,6.99,4.99,0.7138769670958512,False
BARRA DO PIRAI,2026-08-03,6.985,5.135,0.7351467430207587,False
BARRA MANSA,2026-08-03,6.89,4.69,0.6806966618287373,True
CABO FRIO,2026-08-03,6.88,4.99,0.7252906976744187,False
CAMPOS DOS GOYTACAZES,2026-08-03,6.69,4.765000000000001,0.7122571001494769,False
DUQUE DE CAXIAS,2026-08-03,6.32,4.49,0.7104430379746836,False
ITABORAI,2026-08-03,6.49,4.6899999999999995,0.7226502311248073,False
ITAPERUNA,2026-08-03,6.79,4.77,0.7025036818851251,False
MACAE,2026-08-03,6.75,5.29,0.7837037037037037,False
MARICA,2026-08-03,6.640000000000001,4.640000000000001,0.6987951807228916,True
NILOPOLIS,2026-08-03,6.49,4.49,0.6918335901386748,True
NITEROI,2026-08-03,6.59,4.49,0.6813353566009105,True
NOVA FRIBURGO,2026-08-03,6.99,4.99,0.7138769670958512,False
PETROPOLIS,2026-08-03,7.2,5.49,0.7625,False
RESENDE,2026-08-03,6.39,4.57,0.7151799687010956,False
RIO BONITO,2026-08-03,6.73,4.97,0.738484398216939,False
RIO DE JANEIRO,2026-08-03,6.49,4.69,0.7226502311248074,False
SANTO ANTONIO DE PADUA,2026-08-03,6.49,4.385,0.6756548536209552,True
SAO GONCALO,2026-08-03,6.59,4.79,0.7268588770864947,False
SAQUAREMA,2026-08-03,6.89,4.99,0.7242380261248187,False
TRES RIOS,2026-08-03,6.89,4.99,0.7242380261248187,False
VALENCA,2026-08-03,6.77,4.89,0.7223042836041359,False
VOLTA REDONDA,2026-08-03,6.98,4.99,0.7148997134670487,False
ANGRA DOS REIS,2026-08-10,7.09,5.59,0.7884344146685472,False
ARARUAMA,2026-08-10,6.99,4.99,0.7138769670958512,False
BARRA DO PIRAI,2026-08-10,6.985,5.135,0.7351467430207587,False
BARRA MANSA,2026-08-10,6.89,4.69,0.6806966618287373,True
BELFORD ROXO,2026-08-10,6.39,4.59,0.7183098591549296,False
CABO FRIO,2026-08-10,6.88,4.99,0.7252906976744187,False
CAMPOS DOS GOYTACAZES,2026-08-10,6.69,4.74,0.7085201793721972,False
DUQUE DE CAXIAS,2026-08-10,6.39,4.49,0.702660406885759,False
ITABORAI,2026-08-10,6.49,4.640000000000001,0.7149460708782743,False
ITAPERUNA,2026-08-10,6.79,4.765000000000001,0.7017673048600884,False
MACAE,2026-08-10,6.75,5.29,0.7837037037037037,False
MARICA,2026-08-10,6.640000000000001,4.49,0.6762048192771084,True
NILOPOLIS,2026-08-10,6.49,4.54,0.699537750385208,True
NITEROI,2026-08-10,6.59,4.49,0.6813353566009105,True
NOVA FRIBURGO,2026-08-10,6.99,4.74,0.6781115879828327,True
PETROPOLIS,2026-08-10,7.109999999999999,5.39,0.7580872011251758,False
RESENDE,2026-08-10,6.3149999999999995,4.49,0.7110055423594617,False
RIO BONITO,2026-08-10,6.69,4.59,0.6860986547085202,True
RIO DE JANEIRO,2026-08-10,6.49,4.69,0.7226502311248074,False
SANTO ANTONIO DE PADUA,2026-08-10,6.49,4.385,0.6756548536209552,True
SAO GONCALO,2026-08-10,6.59,4.69,0.7116843702579667,False
SAO JOAO DE MERITI,2026-08-10,6.29,4.63,0.7360890302066773,False
SAQUAREMA,2026-08-10,6.89,4.99,0.7242380261248187,False
TRES RIOS,2026-08-10,6.89,4.99,0.7242380261248187,False
VALENCA,2026-08-10,6.74,4.89,0.7255192878338278,False
VOLTA REDONDA,2026-08-10,6.96,4.985,0.7162356321839081,False
ANGRA DOS REIS,2026-08-17,7.19,5.59,0.7774687065368567,False
ARARUAMA,2026-08-17,6.99,4.99,0.7138769670958512,False
BARRA DO PIRAI,2026-08-17,6.985,5.135,0.7351467430207587,False
BARRA MANSA,2026-08-17,6.89,4.69,0.6806966618287373,True
CABO FRIO,2026-08-17,6.88,4.99,0.7252906976744187,False
CAMPOS DOS GOYTACAZES,2026-08-17,6.69,4.79,0.7159940209267563,False
DUQUE DE CAXIAS,2026-08-17,6.39,4.49,0.702660406885759,False
ITABORAI,2026-08-17,6.49,4.54,0.699537750385208,True
ITAPERUNA,2026-08-17,6.74,4.62,0.685459940652819,True
MACAE,2026-08-17,6.75,5.29,0.7837037037037037,False
MARICA,2026-08-17,6.640000000000001,4.49,0.6762048192771084,True
NILOPOLIS,2026-08-17,6.49,4.54,0.699537750385208,True
NITEROI,2026-08-17,6.59,4.49,0.6813353566009105,True
NOVA FRIBURGO,2026-08-17,6.99,4.74,0.6781115879828327,True
PETROPOLIS,2026-08-17,7.1850000000000005,5.39,0.7501739735560193,False
RESENDE,2026-08-17,6.3149999999999995,4.4399999999999995,0.7030878859857482,False
RIO BONITO,2026-08-17,6.69,4.59,0.6860986547085202,True
RIO DE JANEIRO,2026-08-17,6.49,4.69,0.7226502311248074,False
SANTO ANTONIO DE PADUA,2026-08-17,6.49,4.385,0.6756548536209552,True
SAO GONCALO,2026-08-17,6.59,4.69,0.7116843702579667,False
SAO JOAO DE MERITI,2026-08-17,6.39,4.67,0.730829420970266,False
SAQUAREMA,2026-08-17,6.89,4.99,0.7242380261248187,False
TRES RIOS,2026-08-17,6.84,4.9399999999999995,0.7222222222222222,False
VALENCA,2026-08-17,6.74,4.89,0.7255192878338278,False
VOLTA REDONDA,2026-08-17,6.98,4.99,0.7148997134670487,False
ANGRA DOS REIS,2026-08-24,7.19,5.59,0.7774687065368567,False
ARARUAMA,2026-08-24,6.99,4.99,0.7138769670958512,False
BARRA DO PIRAI,2026-08-24,6.985,5.135,0.7351467430207587,False
BARRA MANSA,2026-08-24,6.79,4.69,0.6907216494845362,True
BELFORD ROXO,2026-08-24,6.49,4.54,0.699537750385208,True
CABO FRIO,2026-08-24,6.875,4.98,0.7243636363636364,False
CAMPOS DOS GOYTACAZES,2026-08-24,6.69,4.79,0.7159940209267563,False
DUQUE DE CAXIAS,2026-08-24,6.39,4.49,0.702660406885759,False
ITABORAI,2026-08-24,6.49,4.59,0.7072419106317411,False
ITAPERUNA,2026-08-24,6.74,4.62,0.685459940652819,True
MACAE,2026-08-24,6.75,5.29,0.7837037037037037,False
NILOPOLIS,2026-08-24,6.49,4.54,0.699537750385208,True
NITEROI,2026-08-24,6.49,4.54,0.699537750385208,True
NOVA FRIBURGO,2026-08-24,6.99,4.69,0.670958512160229,True
PETROPOLIS,2026-08-24,7.1,5.39,0.7591549295774648,False
RESENDE,2026-08-24,6.34,4.39,0.6924290220820188,True
RIO BONITO,2026-08-24,6.69,4.59,0.6860986547085202,True
RIO DE JANEIRO,2026-08-24,6.49,4.69,0.7226502311248074,False
SANTO ANTONIO DE PADUA,2026-08-24,6.49,4.484999999999999,0.6910631741140215,True
SAO GONCALO,2026-08-24,6.59,4.59,0.6965098634294385,True
SAO JOAO DE MERITI,2026-08-24,6.39,4.59,0.7183098591549296,False
SAQUAREMA,2026-08-24,6.9350000000000005,4.99,0.7195385724585436,False
TRES RIOS,2026-08-24,6.79,4.89,0.7201767304860088,False
VALENCA,2026-08-24,6.720000000000001,4.89,0.7276785714285713,False
VOLTA REDONDA,2026-08-24,6.94,4.970000000000001,0.7161383285302594,False
ANGRA DOS REIS,2026-08-31,7.09,5.59,0.7884344146685472,False
ARARUAMA,2026-08-31,6.99,4.99,0.7138769670958512,False
BARRA DO PIRAI,2026-08-31,6.98,5.135,0.73567335243553,False
BARRA MANSA,2026-08-31,6.59,4.615,0.7003034901365706,False
BELFORD ROXO,2026-08-31,6.49,4.640000000000001,0.7149460708782743,False
CABO FRIO,2026-08-31,6.88,4.99,0.7252906976744187,False
DUQUE DE CAXIAS,2026-08-31,6.39,4.49,0.702660406885759,False
ITABORAI,2026-08-31,6.49,4.59,0.7072419106317411,False
ITAPERUNA,2026-08-31,6.74,4.67,0.6928783382789317,True
MACAE,2026-08-31,6.75,5.29,0.7837037037037037,False
MARICA,2026-08-31,6.640000000000001,4.640000000000001,0.6987951807228916,True
NILOPOLIS,2026-08-31,6.48,4.59,0.7083333333333333,False
NITEROI,2026-08-31,6.59,4.54,0.6889226100151745,True
NOVA FRIBURGO,2026-08-31,6.8149999999999995,4.69,0.6881878209831256,True
PETROPOLIS,2026-08-31,7.085,5.335,0.7529992942836979,False
RESENDE,2026-08-31,6.29,4.34,0.6899841017488076,True
RIO BONITO,2026-08-31,6.69,4.97,0.7428998505231689,False
RIO DE JANEIRO,2026-08-31,6.49,4.69,0.7226502311248074,False
SANTO ANTONIO DE PADUA,2026-08-31,6.4,4.4350000000000005,0.69296875,True
SAO GONCALO,2026-08-31,6.59,4.69,0.7116843702579667,False
SAO JOAO DE MERITI,2026-08-31,6.39,4.59,0.7183098591549296,False
SAQUAREMA,2026-08-31,6.89,4.99,0.7242380261248187,False
TRES RIOS,2026-08-31,6.84,4.9399999999999995,0.7222222222222222,False
VALENCA,2026-08-31,6.720000000000001,4.89,0.7276785714285713,False
VOLTA REDONDA,2026-08-31,6.94,4.970000000000001,0.7161383285302594,False
ANGRA DOS REIS,2026-09-07,7.09,5.59,0.7884344146685472,False
ARARUAMA,2026-09-07,6.99,4.99,0.7138769670958512,False
BARRA DO PIRAI,2026-09-07,6.985,5.135,0.7351467430207587,False
BARRA MANSA,2026-09-07,6.74,4.615,0.6847181008902077,True
BELFORD ROXO,2026-09-07,6.49,4.59,0.7072419106317411,False
CABO FRIO,2026-09-07,6.875,4.98,0.7243636363636364,False
CAMPOS DOS GOYTACAZES,2026-09-07,6.69,4.79,0.7159940209267563,False
ITABORAI,2026-09-07,6.59,4.79,0.7268588770864947,False
ITAPERUNA,2026-09-07,6.74,4.67,0.6928783382789317,True
MACAE,2026-09-07,6.75,5.29,0.7837037037037037,False
MARICA,2026-09-07,6.640000000000001,4.6899999999999995,0.7063253012048192,False
NILOPOLIS,2026-09-07,6.4350000000000005,4.54,0.7055167055167054,False
NITEROI,2026-09-07,6.49,4.59,0.7072419106317411,False
NOVA FRIBURGO,2026-09-07,6.99,4.69,0.670958512160229,True
NOVA IGUACU,2026-09-07,6.29,4.49,0.713831478537361,False
PETROPOLIS,2026-09-07,7.15,5.385,0.753146853146853,False
RESENDE,2026-09-07,6.29,4.34,0.6899841017488076,True
RIO BONITO,2026-09-07,6.485,4.4350000000000005,0.6838858905165768,True
RIO DE JANEIRO,2026-09-07,6.49,4.69,0.7226502311248074,False
SANTO ANTONIO DE PADUA,2026-09-07,6.4,4.415,0.68984375,True
SAO GONCALO,2026-09-07,6.59,4.79,0.7268588770864947,False
SAQUAREMA,2026-09-07,6.89,4.99,0.7242380261248187,False
TRES RIOS,2026-09-07,6.89,4.99,0.7242380261248187,False
VALENCA,2026-09-07,6.69,4.89,0.7309417040358743,False
VOLTA REDONDA,2026-09-07,6.99,4.99,0.7138769670958512,False
ANGRA DOS REIS,2026-09-14,7.19,5.59,0.7774687065368567,False
ARARUAMA,2026-09-14,6.99,4.99,0.7138769670958512,False
BARRA DO PIRAI,2026-09-14,6.98,4.99,0.7148997134670487,False
BARRA MANSA,2026-09-14,6.59,4.640000000000001,0.7040971168437027,False
BELFORD ROXO,2026-09-14,6.49,4.59,0.7072419106317411,False
CABO FRIO,2026-09-14,6.88,4.99,0.7252906976744187,False
DUQUE DE CAXIAS,2026-09-14,6.48,4.59,0.7083333333333333,False
ITABORAI,2026-09-14,6.49,4.59,0.7072419106317411,False
ITAPERUNA,2026-09-14,6.74,4.715,0.6995548961424332,True
MACAE,2026-09-14,6.75,5.29,0.7837037037037037,False
MARICA,2026-09-14,6.640000000000001,4.6899999999999995,0.7063253012048192,False
NITEROI,2026-09-14,6.49,4.59,0.7072419106317411,False
NOVA FRIBURGO,2026-09-14,6.99,4.79,0.6852646638054363,True
NOVA IGUACU,2026-09-14,6.49,4.5649999999999995,0.7033898305084745,False
PETROPOLIS,2026-09-14,7.1,5.37,0.7563380281690142,False
RESENDE,2026-09-14,6.43,4.39,0.6827371695178849,True
RIO BONITO,2026-09-14,6.59,4.59,0.6965098634294385,True
RIO DE JANEIRO,2026-09-14,6.49,4.79,0.7380585516178736,False
SANTO ANTONIO DE PADUA,2026-09-14,6.39,4.515,0.7065727699530516,False
SAO GONCALO,2026-09-14,6.59,4.79,0.7268588770864947,False
SAO JOAO DE MERITI,2026-09-14,6.38,4.58,0.7178683385579937,False
SAQUAREMA,2026-09-14,6.89,4.99,0.7242380261248187,False
TRES RIOS,2026-09-14,6.84,4.99,0.7295321637426901,False
VALENCA,2026-09-14,6.720000000000001,4.89,0.7276785714285713,False
VOLTA REDONDA,2026-09-14,6.99,5.005000000000001,0.7160228898426324,False
ANGRA DOS REIS,2026-09-21,7.09,5.59,0.7884344146685472,False
ARARUAMA,2026-09-21,6.99,4.99,0.7138769670958512,False
BARRA DO PIRAI,2026-09-21,6.985,5.135,0.7351467430207587,False
BARRA MANSA,2026-09-21,6.59,4.640000000000001,0.7040971168437027,False
BELFORD ROXO,2026-09-21,6.49,4.59,0.7072419106317411,False
CABO FRIO,2026-09-21,6.88,4.99,0.7252906976744187,False
CAMPOS DOS GOYTACAZES,2026-09-21,6.69,4.765000000000001,0.7122571001494769,False
DUQUE DE CAXIAS,2026-09-21,6.48,4.640000000000001,0.7160493827160495,False
ITABORAI,2026-09-21,6.49,4.69,0.7226502311248074,False
ITAPERUNA,2026-09-21,6.79,4.89,0.7201767304860088,False
MACAE,2026-09-21,6.75,5.29,0.7837037037037037,False
MARICA,2026-09-21,6.54,4.79,0.7324159021406728,False
NILOPOLIS,2026-09-21,6.49,4.49,0.6918335901386748,True
NITEROI,2026-09-21,6.49,4.59,0.7072419106317411,False
NOVA FRIBURGO,2026-09-21,6.99,4.9350000000000005,0.7060085836909872,False
NOVA IGUACU,2026-09-21,6.39,4.54,0.7104851330203443,False
PETROPOLIS,2026-09-21,7.1,5.35,0.7535211267605634,False
RESENDE,2026-09-21,6.39,4.4399999999999995,0.6948356807511736,True
RIO BONITO,2026-09-21,6.72,4.74,0.7053571428571429,False
RIO DE JANEIRO,2026-09-21,6.49,4.79,0.7380585516178736,False
SANTO ANTONIO DE PADUA,2026-09-21,6.470000000000001,4.515,0.6978361669242658,True
SAO GONCALO,2026-09-21,6.59,4.79,0.7268588770864947,False
SAO JOAO DE MERITI,2026-09-21,6.59,4.735,0.7185128983308043,False
SAQUAREMA,2026-09-21,6.89,4.99,0.7242380261248187,False
TRES RIOS,2026-09-21,6.84,4.99,0.7295321637426901,False
VALENCA,2026-09-21,6.720000000000001,4.89,0.7276785714285713,False
VOLTA REDONDA,2026-09-21,6.99,5.08,0.7267525035765379,False
ANGRA DOS REIS,2026-09-28,7.19,5.59,0.7774687065368567,False
ARARUAMA,2026-09-28,6.99,4.99,0.7138769670958512,False
BARRA DO PIRAI,2026-09-28,6.98,5.28,0.7564469914040115,False
BARRA MANSA,2026-09-28,6.59,4.69,0.7116843702579667,False
BELFORD ROXO,2026-09-28,6.49,4.59,0.7072419106317411,False
CABO FRIO,2026-09-28,6.88,5.035,0.7318313953488372,False
CAMPOS DOS GOYTACAZES,2026-09-28,6.68,4.8149999999999995,0.7208083832335329,False
ITABORAI,2026-09-28,6.59,4.640000000000001,0.7040971168437027,False
ITAPERUNA,2026-09-28,6.84,4.915,0.7185672514619883,False
MACAE,2026-09-28,6.75,5.29,0.7837037037037037,False
NITEROI,2026-09-28,6.59,4.59,0.6965098634294385,True
NOVA FRIBURGO,2026-09-28,6.9399999999999995,4.89,0.7046109510086456,False
NOVA IGUACU,2026-09-28,6.49,4.59,0.7072419106317411,False
PETROPOLIS,2026-09-28,7.115,5.38,0.7561489810260014,False
RESENDE,2026-09-28,6.43,4.4399999999999995,0.6905132192846034,True
RIO DE JANEIRO,2026-09-28,6.49,4.79,0.7380585516178736,False
SANTO ANTONIO DE PADUA,2026-09-28,6.470000000000001,4.535,0.7009273570324575,False
SAO GONCALO,2026-09-28,6.59,4.79,0.7268588770864947,False
SAO JOAO DE MERITI,2026-09-28,6.425,4.59,0.7143968871595331,False
SAQUAREMA,2026-09-28,6.89,4.99,0.7242380261248187,False
TRES RIOS,2026-09-28,6.74,5.29,0.7848664688427299,False
VALENCA,2026-09-28,6.720000000000001,4.89,0.7276785714285713,False
VOLTA REDONDA,2026-09-28,6.94,5.04,0.7262247838616714,False
